Benoti85,19," St jean de monts, Pays de la Loire   ",
Exta222,19," Belfort, Franche Comté   ","Jeune homme de 19 ans cherche à faire de nouvellesrencontres, hésitez pas à lâcher un p'tit message"
Diapers1995,23," La grande motte, Languedoc Roussillon   ",Je m inscrit sur  le site pour trouve une maman ounounou  qui puisse s occupe de moi comme si jétait son bb  et aussi une femme 
PedroMC1,24," Toulouse, Midi Pyrénées   ",Étudiant mexicain en France
vjorn3,22," Clermont ferrand, Auvergne   ",hey ;)
Paupaul11,21," Marseille 01, PACA   ",Relation amicale.
Clement237,24," Ramonville st agne, Midi Pyrénées   ","Bonjour,Discutons .."
LKFF67,21," Molsheim, Alsace   ",
Tounsi21095,22," Argenteuil, Ile de France   ","Bonsoir, ou bonjour qui sait ?Recherche relation sérieuse marre d'être seul,j'envie fonder une famille.D'un profil plutôt sportif. J'aime lire et surtoutle foot."
benebuleuse,19," Bourg en bresse, Rhône Alpes   ","Moi c’est Benjamin, j’ai 19 ans, et je suis làpour faire de nouvelles connaissances... et quisait peut être, si l’univers le veut, trouver monamour... :)"
Sushi237,21," Aix en provence, PACA   ",Salut à tousJe suis ici pour rencontrer de nouvelles personneset faire connaissances n'avons qu'une vie alorsprofitons en ! 
remy073,20," Ferques, Nord Pas de Calais   ", blond sportif recherche uniquement du sérieux 
floflo28200,24," Chartres, Centre   ",ici pour faire de nouvelles connaissances
Brianlyon51,22," Chalons sur marne, Champagne Ardenne   ", sport 
Pyfl-32,24," Mielan, Midi Pyrénées   ",Il paraît que maintenant c'est en vogue lesrencontres sur internet :)
quent6634,24," Montpellier, Languedoc Roussillon   ",je suis un jeune homme en formation d'éducateursportif à la recherche de nouvelles connaissancesVenez discuter si vous en avez l'envie
fitandhealthy,23," St cyr l ecole, Ile de France   ", 
Smail123r,21," Nancy, Lorraine   ",....
Shark19,22," Perpezac le noir, Limousin   ","Bonjour, je viens discuter avec de nouvellespersonnes, faire de nouvelles connaissance dans lerespects de chacun."
Jocker11,21," Paris 15, Ile de France   ",Trouvez l'amitié
ffn1108,24," Marcellus, Aquitaine   ","Ici pour faire des rencontres sérieuses ou biensamicales. Cinéphile et bon vivant, j'aime cuisinerme balader et plein d'autres choses même si êtredeux serais un plus :) "
Jojo63000,21," Clermont ferrand, Auvergne   ","Recherche fille, pas pour son physique juste poursa personnalité, qui aime croquer la vie a pleinedent et qui doit avoir du mord dent."
hic7em,24," Villeneuve la garenne, Ile de France   ",bonjour tout le monde
-Moutarde_,21," Caen, Normandie (Basse)   ",bonjour
Antoinerg14,23," Villers sur mer, Normandie (Basse)   ",Jeune technicien de fabrication cherchant arencontrer quelqu'un 
Yanis033,19," Vichy, Auvergne   ",...
ohyou87,21," Limoges, Limousin   ",
arbremagique,22," Guisy, Nord Pas de Calais   ","Bonjour, je cherche à faire un tour de france sivous avez des idées de lieux ou d'activités àfaire n'hésitez pas à me laisser un message"
hamdache,21," Creil, Picardie   ",conetre le monde 
Xxx3637,20," Chateauroux, Centre   ",Jeune gentleman qui ne cherche qu'à satisfairel'agente féminine ;)
Arnaud24000,23," Perigueux, Aquitaine   ",Bonjour je m'appelle Arnaud je viens ici pourfaire des rencontres sérieuses avec des femmes deplus de 50 ans. je trouve qu'à cette âge  lesfemmes son plus mature et demande d'être aimécomme elle le mérite c'est a dire vraimentj'espère te voir très prochainement 
Achraf38fr,19," Grenoble, Rhône Alpes   ","Gentil et calme, je souhaite rencontrer l'âme sœur"
Dali1994765,24," Reims, Champagne Ardenne   ",
MrduNord,23," Valenciennes, Nord Pas de Calais   ", 
Antonin45160,21," Olivet, Centre   ",
AlexSegarra,24," Cauffry, Picardie   ","Je suis gentil, drôle, attentionné.D'origine portugaise. Je vais commencer uneformation pour être assistant de vie auxfamilles.aime délirer, la boxe, foot, le cinéma, voyager,sorties..."
dimensiondata,22," Rieux, Bretagne   ","Hello j ai 21 ans je cherche une relation sérieuseavec une femme je suis un grand romantique trèsintentionnés , sérieux, sensible et avant toustrès gentil.J aime bien m amuser faire la fête avec mes poteset profiter avant tous de la vie.Je suis avant tous un grand sportive je pratiqueles compétition de vélo de routes et VTT mapassion est le sport.Je passe actuellement le p..."
Yoyobibi,23," Cherbourg, Normandie (Basse)   ",
Kenneth38,21," Grenoble, Rhône Alpes   ","Bonjour à tous, Je suis ici à la recherche de rencontres et deconnaissances, amitié, amour?Je suis prêt à parler de tout et de rien.Je suis ici pour faire des rencontres sérieuses.Merci "
jehaal56,23," Bondy, Ile de France   ",jfijfd
Jo151295,23," Amiens, Picardie   ",Gentille
Freddddddddhh,21," Chenou, Ile de France   ",h
Sebastokrator95,24," Ermont, Ile de France   ",Je cherche une relation sérieuse et plutôtfusionnelle 
Anto_Giovi,24," Antony, Ile de France   ",Une vie à deux 
dylan7777,24," Fontainebleau, Ile de France   ",Je recherche sur ce site une rencontre sérieuseseulement. Venez discuter pour en savoir plus.
Thomas-calin,22," Cergy, Ile de France   ",
alexis2590,23," Grandvillars, Franche Comté   ",L'age ne fait pas tout.
Bou083,20," Bandol, PACA   ",.
cubstor,19," Besancon, Franche Comté   ",
Reihtuag,23," Rouen, Normandie (Haute)   ",
Antoinedesir,22," Laventie, Nord Pas de Calais   ",jeune homme tres sympa pour une rencontre avec unefemme douce et qui ne se prend pas la tête... bise
Igwe22,24," Noisy le sec, Ile de France   ",Venez me parler je morts pas Snap:Alex.alloh
Alexis16200,24," Chateaubernard, Poitou Charentes   ",Venner faire connaissance 
Gigaboy-1023,22," Villeurbanne, Rhône Alpes   ",A la recherche de rencontres sympa !
NathanojH,24," Sentein, Midi Pyrénées   ",Bien que loup solitaire dans la foret j'aimepartager de bonnes energies avec les gens lorsquel'ocasion se présenteCherche sa louve
XxLolodu30xX,24," St julien les rosiers, Languedoc Roussillon   ","Bonjour à toutes , je m'appelle Loïck j'ai 22 ans, j'étudie dans l'immobilier.Après plusieurs ruptures assez douloureuses , jecherche une rencontre sérieuse , une personnemature et sûre d'elle , une relation basée sur laconfiance , l'amour et la sincérité. Si voussouhaitez en savoir plus sur moi , hésitez pas am'ajouter , merci !"
ConstellationBdxxx,21," Bordeaux, Aquitaine   ","Rêveur, dynamique, j'ai des rêves pleins la têteet l'envie de les accomplir. Ici pour découvrirdes personnes intéressantes qui ne sont pas de matranche d'âge, et pourquoi pas nouer desaffinités. En espérant trouver quelqu'un quicorrespondra à ma recherche, je reste ouvert à ladiscussion et à l'échange ; n'hésites pas à venirdiscuter. :)"
Fians1,24," Paris 06, Ile de France   ",La joie de vivre
Hec13200,21," Arles, PACA   ","bonjour je suis ici juste pour parler de manièreamicale avec tout le monde, je veux me faire desamis rien de plus pour l'instant"
Cogiton,24," Creteil, Ile de France   ","salut je suis un jeune plein de vie ""ou presque""je cherche une femme avec qui je pourrais passerdes bons moments"
Mist26,21," Berthecourt, Picardie   ",Je cherche a faire des rencontres sinpas discuter.....et pourquoi pas trouvé l'amour
Kent81,19," Lavaur, Midi Pyrénées   ",
dylanbelloeil,23," Vergonnes, Pays de la Loire   ",bonjour je suiis ici pour discuter et voir plus 
Lemzo8570,19," Vesoul, Franche Comté   ","Bonjours je suis à la recherche d'une partenairequi sera prête à me supporter et à me combler debonheurs ! J'ai beaucoup de projet, de pouvoir lespartager avec une personne qui sera prête a celancez à l'aventure! J'aime les femmesattentionnée, je souhaite une relations dans lerespect et la sincerites de l'amour ! Je suis uncoeur à prendre donc je vous laisse venir medécouvrir ..."
Benjam37,24," Joue les tours, Centre   ","je suis étudiant. J'adore les mangas, toutessortes de musique mais surtout les musiques rocksj'aime jouer aux jeux vidéos mais je ne suis paspour autant un geek, j'aime bien sortir même si jesuis plutôt casanier. j'ai aussi tendance a vivreun peu trop avec mon casque vissé sur la tête. jene suis pas un hipster malgré mon bonnet et mapilosité (que je peut enlever si cela est sou..."
Dadou28000,19," Chartres, Centre   ",Je ne mort pas 
VNicolas,22," Argenteuil, Ile de France   ",:)
ggg3838,24," Lyon 03, Rhône Alpes   ",Je suis simple et genereux
Albanyllw,19," Besancon, Franche Comté   ",
Ulisesgtz,22," Bordeaux, Aquitaine   ",Etudiant etranger nouveau à bordeaux
ad240696,22," Melesse, Bretagne   ","Bonjour, je m’appelle Adam j’ai 22 ans et je suisgay . Je mesure 1 m 95 pour 90 kg . Je suis à larecherche de gars entre 18 et 35 ans soit pour dufun ou du sérieux. "
bibbi10,23," Rocroi, Champagne Ardenne   ",jcilsdghfkgzfjelfhljefu
Jujucoeur77,20," Verneuil l etang, Ile de France   ","Bonjour,Je me présente brièvement, je m'appelle Julien,j'ai 20 ans. On me décrit comme mature,gentil,sincère.Du point de vue professionnel, je suis étudiant enalternance en comptabilité. Je travaille etj'étudie sur Paris.Je recherche une relation sérieuse, je cherche unefemme bienveillante, sincère, fidèle avec quipartager les bons moments et la femme avec quiaffronter les..."
Timmy95,24," Marseille 13, PACA   ",Salut
Nomade1651,24," Aigre, Poitou Charentes   ",
Tangi22,23," Pleubian, Bretagne   ",rencontr sérieuse 
Leo1999clain92,19," Boulogne billancourt, Ile de France   ",
omar_ri,24," Orleans, Centre   ",.
Alexandre78990,19," Elancourt, Ile de France   ",bonjour. je m'appelle alexandre j'ai 19 ans et jerecherche en jeune femme entre 18 et 22 ans jesuis étudiant je me prépare a passer le bafa jesuis d’Élancourt merci de me contacter pour dusérieux  
adrien32330,23," Gondrin, Midi Pyrénées   ",ici pour faire des rencontre amicale ou plusserieuse selon les affinitées
Pourple4269,21," Lyon 02, Rhône Alpes   ",Cinéphile et bricoleur 
pasca30,19," Sommieres, Languedoc Roussillon   ",je veut m inscrire  ici pour trouver ma moitié etfonder une famille je suis en fin de cap je suisun peu sportif
Cunnociaobello,23," Concarneau, Bretagne   ",L'amour
Benjy22,23," Gennes, Pays de la Loire   ",Je suis du genre timide au première abord mais jereste ouvert à toute proposition &#128578;
davidpottier,24," Tours, Centre   ",
McGicarpe,21," St amand les eaux, Nord Pas de Calais   ",Mon cerveau est composé de:- Rêve- Japon- Voyage- Musique- Nourriture- Jeux Vidéo- Second degré- Un bordel sans nom..Mon cerveau comme vous le voyez est aussi rempliqu'une oie pendant les fêtes de noël haha!Par contre mon cœur est aussi vide que l'espace...
Nicolasdu7956,21," Niort, Poitou Charentes   ",Je cherche une relation sérieuse avec une jeunefemme d'au moins 22 ans pas plus qui habite dansma région qui sois fofolle drôle douce dynamique 
LoicTrb,19," Caen, Normandie (Basse)   ",Je cherche de l'amitié et pourquoi pas plus. Bonnecontinuation
Vansebene24,24," Bagnols sur ceze, Languedoc Roussillon   ","J’ai 24 ans, je suis à la recherche d’une relationsérieuse avec une personne sérieuse évidemment.Apprendre à se connaître, se découvrir des pointscommuns et quelques divergences (les contrairess’attirent il parait ?), rigoler ensemble, passerde bons moments et surtout essayer de seconstruire un avenir tous les deux. Je suis timide aux premiers abords mais quand jeconnais et ..."
Anis31400,24," Toulouse, Midi Pyrénées   ",cherche une femme sérieuse avec qui construire mavie   jai un handicap  quelle que difficulté dans la viemes  j avances comme je peut  j aime tout lemondes bisous. 
Antoine72470,18," Le mans, Pays de la Loire   ",Je suis calme 
benjdst,24," Lille, Nord Pas de Calais   ","Salut tout le monde, je m'appelle ben j'ai 20,blond aux yeux bleus qui aimerais rencontrer desmeufs sérieuses."
chris22_,23," Paris 17, Ile de France   ","Bonjour , je suis nouveau içi je recherche despersonnes qui vont me faire decouvrir la vie ,voyage etc..."
Babyblack-13,24," Marseille 01, PACA   ",&#128522;
les_yeux_bleus,22," Cambrai, Nord Pas de Calais   ","je suis ici car mon psy ma dit que je devraitm'ouvrir aux autres, car a present j'étaispsychologiquement stable, mais je suis sur qu'il adit parce qu'il en a marre de voir ma gueule.Je plaisant bien sur ou peut etre pas, a toi de ledecouvrir ."
Evan02,22," Ermont, Ile de France   ",. ..
Francky91600,22," Paris 20, Ile de France   ",
ric95870,23," Bezons, Ile de France   ",je suis à la recherche d une relation stable etdurable 
Dnwiwkas,23," Paris 07, Ile de France   ",Vrai amour
Yaato34,18," Montpellier, Languedoc Roussillon   ",
MkQn69,22," Lyon 05, Rhône Alpes   ","(english below) L'océan d'émotions qui vogue en nous estindéfinissable par son immensité. Et pourtant detoutes, l'Amour reste la plus forte et la plusénigmatique. Ignorant le passé et conjuguant aufutur, l'Amour est précieux par le fait qu'aucuneloi ne peut le raisonner, il est unique par lefait qu'il défit toute rationalité en nous. Pourl'Amour on est prêt à tout et pourtant..."
valphilou23,23," St georges nigremont, Limousin   ",
Baptiste2000,18," Paris 18, Ile de France   ","Bonjour je m'appelle Anthony j'ai 18ans et je suissur ce site pour dialoguer et échanger avecd'autres personnes, je suis également là pourtrouver quelqu'un qui comme moi chercherait unerelations sérieuse de longue durée. Les relationslongue distance ne me gène pas et la seul choseque je demande c'est quelqu'un de sympa,plaisante, aimant voyager et sortir. Surtoutn'hésitez pas ..."
LrKush,22," Pierrefitte sur seine, Ile de France   ",Bonjour
Destiny25up,19," Mommenheim, Alsace   ","Je suis étudiant, je cherche une relationsérieuse. Je suis ouvert d'esprit et j'ai beaucoupd'imagination. Je bois pas d'alcool ou très peu.Pour le reste c'est surprise."
Andjelo5,24," Coignieres, Ile de France   ",Jeune courageux respectueux très drôle célibataireet je cherche une relation sérieuse 
Cc81ch,21," Graulhet, Midi Pyrénées   ",Je mapelle Christian je cherche a faire desrencontre 
Jeunesympas,23," Nancy, Lorraine   ",Jeune homme respectueux sympas recherche nouvellesconnaissances
Jason60000,23," Beauvais, Picardie   ",
Jeunereubeu3869,20," Lyon 01, Rhône Alpes   ",Snap halil3869
MrWhite54,24," Sarrebourg, Lorraine   ",Je suis ici pour des rencontres amicales et plussi affinité. Je suis artisan boulanger de métieret je me dirige vers une formation d'apiculture.Je suis dans le milieu associatif et tente tantbien que mal de trouver une solution pour ne plusdépendre de notre société qui à touchédéfinitivement le fond.. Ce qui n'est vraiment pasfacile ;)  J'aime bien faire du VTT et de la natat...
moss_moss,22," Cleon, Normandie (Haute)   ","Je possède un thermomix et j'adore l'humour... jesuis gentil aussi, alors n'hésitez pas etenvoyez-moi votre meilleur message ;)"
razim30,24," Paris 13, Ile de France   ",rein
Portosgal42,23," St victor sur loire, Rhône Alpes   ",
antony509,23," Sevran, Ile de France   ",bonjour je suis un jeune homme noir de 22 ans etje cherche une femme pour discuter faire dessortie tète a tète et pourquoi pas avec le tempcommencer une relation serieuse 
JeuneInge22,22," Cannes, PACA   ",Étudiant de 22 ans en école d'ingénieur 
gutsjj,24," Romorantin lanthenay, Centre   ","je m'appel julien, j'ai 24 ans, célibatairerecherche femmes pour rencontre, plutôt timide (enparticulier avec les filles, d'où ma présence surce site). pas de type de fille définie."
julien_c,24," Montpellier, Languedoc Roussillon   ",Jeune homme de 24 ans cherchant à rencontrerquelqu'un d'authentique.
DouxLoverr,18," Paris 01, Ile de France   ",
Loveant74,24," St pierre en faucigny, Rhône Alpes   ","Je m'appelle Antoine, j'ai 24 ans, j'habite unepetite ville de Haute Savoie. Je recherche unerelation sérieuse et durable. Je suis assez grand,j'ai les cheveux noirs, les yeux verts.Je suis très gentil avec tout le monde, tropgénéreux quelques fois, mais la gentillesse et lagénérosité font de moi un homme très sympa, fidèleet adorable.J'aime faire du sport (vélo de route, foot..."
Azuria51,19," Reims, Champagne Ardenne   ",5 rue galloteau51100
Anth0o,22," St lo, Normandie (Basse)   ",
Thywaz,23," La roche sur yon, Pays de la Loire   ",
RedJon,22," Toulouse, Midi Pyrénées   ",Je cherche une femme 
NdarGuedj,21," Paris 01, Ile de France   ",
thirdjune,20," Reims, Champagne Ardenne   ",Je recherche une fille plus âgée que moi et quisoit matûre avec de l'humour
KO-AF-KO,22," Bordeaux, Aquitaine   ",
Rakensy02,20," Pierrefitte sur seine, Ile de France   ",
Lieonan,21," Montpellier, Languedoc Roussillon   ",Je recherche l'amitier 
-Marchal-,22," Metz, Lorraine   ",Je recherche tout simplement une relationsérieuse. Être complice est une priorité.
Mr9506,23," Avranches, Normandie (Basse)   ",
Thany0,23," Toulouse, Midi Pyrénées   ",Envie de faire des rencontre ou de discuter n'hésiter pas à me contacter je réponds à tous. 
Julien98746210,21," Lons le saunier, Franche Comté   ",je recherche quelqu'un et je parlerai de moi enprivé :)
Ademo17,19," St quentin, Picardie   ",...
kevin21100,24," Le havre, Normandie (Haute)   ","salut ici pour tout type de relition, venez medécouvrir"
Jack80579,21," Gagny, Ile de France   ",
Brent123,20," Montpellier, Languedoc Roussillon   ",
Kevin79300,22," Beauvoir sur niort, Poitou Charentes   ",Je suis la pour rencontre 
sofian68,23," Colmar, Alsace   ","Salut a tous je m'appelle sofian j'ai 19 ans jesuisgentille,sincère,fidel,compréhensible,respectueuxet sportif. je cherche une relation sérieuse jecherche une femme fidel,sincère,gentille,et quim'accepte comme je suis voila pour savoir plusvenez en privé:)."
Pacious,18," Marsannay la cote, Bourgogne   ","Alexandre , appelle moi Alex  Et si on faisait du sérieux ?"
Quentin196,23," Nantes, Pays de la Loire   ",...
Mahdid313,22," Villejuif, Ile de France   ","Bonjour à toutes je me présente je m'appelle ElMahdi  j'ai 22 ans et demi bientôt 23 ans jerecherche une jeune femme entre 18 et 24 ans pourune relation sérieuse et une vie à deux avecenfants. Je suis originaire du Maghreb, j'ai unepréférence pour les femmes asiatiques eteuropéennes. Passionné de photographie, voituresanciennes, mécanique, informatique, voyages, etpleins d'aut..."
LincolnChris21,22," Douai, Nord Pas de Calais   ",
alex51145,21," Reims, Champagne Ardenne   ","j'ai 21  ans j'habite a reims, mais il m'arrivedesfois aller a parisje suis ici pour dial, me faire des amis voirm'engager dans une relation serieuse et durable"
Valoxii49,24," Cholet, Pays de la Loire   ",
fransish,18," Annet sur marne, Ile de France   ",
adrie974,22," L hay les roses, Ile de France   ","Aime s'amuser déconner et faire la fête , ici pourse faire des connaissances."
Romainl787,22," Calais, Nord Pas de Calais   ","Discuter dans un premier temps, puis rencontre ousérieux "
Buuk77,24," Carrieres sous poissy, Ile de France   ","Sportif,très à l'écoute ,je cherche une rencontresérieuse pouvant aboutir....cordialement"
KalimotxoBO,22," Bordeaux, Aquitaine   ",
Jeremy13120,19," Gardanne, PACA   ",
kev8313,22," Brignoles, PACA   ",jeune homme ouvert sympas et avec de l'humour 
kev45_,24," Orleans, Centre   ",Recherche femme amour ou amitié 
Ziemon,18," Bourg en bresse, Rhône Alpes   ",Je suis un mec sympa qui aime la vie et  profiteren pleins temps 
Dohyl04,24," Barcelonnette, PACA   ",Ici pour de nouvelles rencontres 
Jubasse01,23," Villeurbanne, Rhône Alpes   ",Je cherche une relation sérieuse avec avec unefemme simple sincère souriante avec qui partagerdes moments agréable sans prise de tête
Bellamy974,23," Begles, Aquitaine   ","Sportif et vif d'esprit, désireux de rencontrer etde partager ! Au plaisir de vous rencontrer :)"
MarcAntoineLH76,23," Le havre, Normandie (Haute)   ","Je recherche à discuter tout d'abord, faire desrencontres,  découvrir de nouvelles  choses,partager des idées des choses simples qui sontdifficiles de nos jours.."
Nicoro42,23," Roanne, Rhône Alpes   ",Rencontre et dial venez me découvrir 
Marcox8060,24," Amiens, Picardie   ",
Floow94,24," Choisy le roi, Ile de France   ","Je m'inscris car je veux trouver l'amour avec ungrand A ou amitié pourquoi pas , je suis déjàtomber amoureux mais j'ai été déçu mais je suisprêt à tourné la page des mauvais souvenirs avecune autre , je recherche une femme intelligente ,gentille , joyeuse , avec de l'humour une vraifemme qui sais ce qui veux et ce qu'elle ne veuxpas qu'elle sois sérieuse je ne veux pas d'unepr..."
NekoPanda,23," Montpellier, Languedoc Roussillon   ",
Quentindu50,20," Ducey, Normandie (Basse)   ",
adrimag720,21," Le mans, Pays de la Loire   ",
Lyduong69,23," Lyon 03, Rhône Alpes   ",
clyde58,23," Nevers, Bourgogne   ",je suis un homme de 20ans qui recherche une femmepour faire cinnaissance a fin de voir ou notrechemin nous menera 
Benoit69390,21," Vernaison, Rhône Alpes   ","Salut à tous,"
Thafrenchie69,23," Serpaize, Rhône Alpes   ",Ici pour discuter et faire des rencontres.Ouvert d%u2019esprit . À très vite 
Gregxxx73,24," Chambery, Rhône Alpes   ",
Domacles,20," Toulouse, Midi Pyrénées   ",Simplement des rencontres
Yahr21,24," Dijon, Bourgogne   ",JH cherche à faire des nouvelles rencontres
Maxten,23," Strasbourg, Alsace   ",Aime le sport 
siraj0001,24," Courcouronnes, Ile de France   ",bon jour et  bienvenue je recherche une relationsérieuse  voire mariage
NeverGiveUp2503,24," Perpignan, Languedoc Roussillon   ","Je suis un homme qui recherche le feeling partagermes passions et peux être trouver la perle rare,on verra bien avec le temps si une rencontre seferra, je suis calme, poser, attentionné,souriant, je me prend pas la tête, je sais ce queje veux dans la vie. "
Arcadia13,24," Aix en provence, PACA   ",Cherche des gens sympathique avec qui converservoir plus si affinités.. 
RouRou6464,20," Bayonne, Aquitaine   ",Jeune homme de 19 ans
Ogazu54,23," Nancy, Lorraine   ",Recherche une rencontre sérieuse avec une femme demon âge.
Leroy-59,22," Dunkerque, Nord Pas de Calais   ",On a qu'une vie!
Nono02000laon,19," Laon, Picardie   ","Recherche femme sincère,fidèle "
JeuneEtGrand91,22," St michel sur orge, Ile de France   ",Grand jeune homme recherchant une relationamoureuse ou éphémère avec une dame de préférenceplus âgée. :)Le virtuel et la simple compagnie ne m'intéressentpas...
Bambi0401,23," Moulins, Auvergne   ",
Jury55_5,21," Ambilly, Rhône Alpes   ",Je cherche l’amour
thom22111,21," Paris 16, Ile de France   ","Sur ce site pour faire de nouvelles connaissances,rencontres. "
Citrix41,23," Juvisy sur orge, Ile de France   ","Salut ^^Alors comme ça tu veux en apprendre plus sur moi Si cela te tente voici quelques infos sur moi ^^Nom et prenons : a toi de me contacter pour lesavoir Activité: J'adore le sport (roller, parapente,escalade etc....) faire dès sortie et des soiréesavec des amies (sauf boîte de nuit), aime voyageet adore découvrir de nouvelle chose maisdifficile niveau repas la perf..."
Petitdemon51,21," Suippes, Champagne Ardenne   ",Je suis libre
JewelryJo,22," Chemille, Pays de la Loire   ",
Jordan0949,22," Angers, Pays de la Loire   ","Rencontre, discussion, voir comment ça se passe."
Hanged,20," Lannion, Bretagne   ",
Freddiemeza,23," Grenoble, Rhône Alpes   ",2 avenue des jeux olympiques
Kil225,19," Pleumeur bodou, Bretagne   ",Ici pour faire de nouvelle rencontre
Flo45-,23," Amilly, Centre   ",Femmes je vous aimes !!
12091995,23," Clermont en argonne, Lorraine   ",
Trinx64,24," Pau, Aquitaine   ",Cherche l'amour avec un grand A
Nani75330,20," St brice sous foret, Ile de France   ",
Nicolasbonheur44,21," St herblain, Pays de la Loire   ","La vie à deux, c'est tellement mieux ! Main dans la main pour des jours plus heureux !Je suis une personne fiable et sérieuse et je basetout sur la confiance.Le bonheur n'est peut-être pas si loin ! Il suffitd'y croire !"
A123456789A,22," Paris 19, Ile de France   ","Bonjour à tous.Je m'appelle hamza j'ai 24ans j'habite à Paris.cherche dans l'idéal une relation amoureusesérieuse, trouver la personne qui serait prête àpartager ma vie. Pour plus d'informations contactémoi. %uD83D%uDE0A "
Fabio1994,24," Laon, Picardie   ","Salut je m'appelle fabio je cherche une personnerelation sérieuse, je suis gentil j'ai 24 ans 174m68 kg corps sportif j'aime beaucoup sport si vousvoudlaisse plus informations sur moi envoyémessages merci "
Gabiealpha92,24," Asnieres sur seine, Ile de France   ","Bonjour, Gabriel 24 ans recherche une relationsérieuse, je suis sincère, câlin , gentille etgénéreux. Je m'attache très vite, je suis la pour l'êtreaimé je la soutint quoique ce passe.Mes Centres d'intérêts est le cinéma sortir avecdes amis, visité des musé, sortie entrent amies etécouté de la musique."
abderrezak38,24," Grenoble, Rhône Alpes   ",bonjour a vous 
lulumo,21," Levallois perret, Ile de France   ",
Niarolf,21," Beauvais, Picardie   ",
luko333,21," Nancy, Lorraine   ",
Mirz45,24," Paris 12, Ile de France   ",
nael34,21," Paris 20, Ile de France   ",Ouvert à tous.
Osiris808,22," Paris 13, Ile de France   ",
skoopi,21," Metz, Lorraine   ",
Lucas230,24," Combs la ville, Ile de France   ", 
zackbele,24," Illzach, Alsace   ",
Nicolasdu-87,20," Aixe sur vienne, Limousin   ",Bonjour je suis ici pour rencontrer des nouvellespersonnes et pourquoi pas trouver l'amour de mavie. N'hésité pas à venir me parler et faireconnaissance je mords pas 
Pierre_G,23," Paris 08, Ile de France   ","Je recherche une fille douce, gentille et sérieusepour une relation suivie"
SebastienG2000,18," Martignas sur jalle, Aquitaine   ","Jeune homme passionné par les sciences,principalement hypothético-déductives, intéressépar les humanités et aisément apprécié par monentourage, je suis à la recherche de quelqu'unayant des penchants similaires aux miens et avecqui je puisse entretenir une relation riche etdiversifiée."
Adoboss13,20," Marseille 14, PACA   ",Je recherche une femme pour une rencontre serieuseentre 18 et 20 ans.
Clem064,23," Pau, Aquitaine   ",
Sileaxa,24," Melun, Ile de France   ",Ici pour discuter 
Bearloch,22," Paris 02, Ile de France   ",au plaisir de vous rencontrer
DRK929,23," Clamart, Ile de France   ","Homme de 23 ans au natutel. Pour le découvrir,gratter ici !"
vince17777,24," Les mathes, Poitou Charentes   ",d
Cottin36,23," Chateauroux, Centre   ","Bonjour a toute,Je suis ici dans l'espoir de trouver ma moutier etseulement du sérieux et durable pas de plan, nesoyer pas timide je suis ouvert a toute discutionsdonc si vous voulez faire connaissance nesiterpas."
Loyal67,22," Molsheim, Alsace   ","Homme loyal, sérieux, qui aime la vie et qui recherche une relation durable et sérieuse avecune femme simple et naturelle qui veut partagertout dans la gentillesse, la sincérité et  dans lerespect mutuel.j'ai une vie sociale active, j'aime la musique, lanature, sorties restaurant et les balades...je n'aime pas les mensonges et la trahison."
Adrien44850,24," Mouzeil, Pays de la Loire   ",
namixvivo,22," Beziers, Languedoc Roussillon   ",coucou
flobronjames69,23," Chalon sur saone, Bourgogne   ",dans un premier temps je voudrais faireconnaissance après on verra. 
heylolo301,22," Ales, Languedoc Roussillon   ",Je recherche une personne drôle et sympa pourdiscuter
andine78,24," Plaisir, Ile de France   ",
YOUBAYOUPI,23," Hazebrouck, Nord Pas de Calais   ","Faire de nouvelles connaissances, sérieux "
renaumykael,18," Six fours les plages, PACA   ",a la recherche d'une belle rencontre toutsimplement le temps fera le reste avec le feeling 
Antoyne18,18," Kienheim, Alsace   ",Pour faire quelque rencontre des sortie  etm'amuser :)
benclem62,24," St omer, Nord Pas de Calais   ",recherche relation sérieuse avec beaucoup detendresse de douceur de respect d'ecoute 
Fotso12345,18," Rouen, Normandie (Haute)   ",Un homme qui cherche une femme pour relationsérieuse
Erza44,24," Nantes, Pays de la Loire   ",Discutons et nous verrons.
Dynamox,24," Le mans, Pays de la Loire   ",
PaperBoy95,18," Enghien les bains, Ile de France   ",Je suis étudiant 18 ans et je cherche rien departiculier passer le temps combattre l'ennui etqui sait
julienandre44,22," Nancy, Lorraine   ",
Edgaratoi,24," Allegre, Languedoc Roussillon   ",
med-med14,21," Paris 07, Ile de France   ",sympa  gentille intellectuelle bosseur  je chercheune femme de 20 ans et plus 
Brandon1234567,19," Valras plage, Languedoc Roussillon   ",
PyroXL,24," Amberieu en bugey, Rhône Alpes   ",
Maxime345,20," Chartres, Centre   ",Je recherche une femme pour relation serieuse etdurable entre 19 ans et 30 ans
Aykez11,24," Paris 15, Ile de France   ",Bonjour ! 
ramzzziiii,20," Marseille 10, PACA   ",
Eithel23,24," Begles, Aquitaine   ",Slt jsuis à la recherche d'une femme qui mecorrespondra au quotidien avec qui j etablirai desliens forts et durable 
Groovecaster,21," Bordeaux, Aquitaine   ",J'aime la musique et le contact humain
Discret70100,21," Ancier, Franche Comté   ",
Kreiz-Breizh,21," Etables sur mer, Bretagne   ",
Disiz97,24," Cambuston, DOM TOM   ",
juliennh,23," La fouillade, Midi Pyrénées   ",julien 23 ans recherche du sérieux
Clem-01,23," Peron, Rhône Alpes   ",Je recherche une relation sérieuse avec une femme 
Coren01tin,18," St brieuc, Bretagne   ",
Nepouloff,18," Clamart, Ile de France   ",
anthony123456789,18," Olivet, Centre   ","Assez timide , je recherche des rencontresamicales voir plus si on s'entend bien. Jerecherche des filles naturelles , simple . Laplastique je m'en fiche vraiment . Ce qui primepour moi c'est le visage . Les personnes qui visitent et qui ne savent mêmepas dire bonjour ou écrire un message . Ne vousétonnez pas d'être ici encore pour longtemps  enétant aussi peu sociable !! Mesd..."
Londo88,24," St martin en haut, Rhône Alpes   ",Je cherche une âme sœur
sonice96,22," Lesparre medoc, Aquitaine   ",
pasqueta,24," Nimes, Languedoc Roussillon   ",Je recherche un femme pour relation sérieuse ounon (ça dépend^^).
Jeunecambresien,24," Cambrai, Nord Pas de Calais   ",Venez me parler. Pour simple discussion ou plus siaffinité 
Mistereyes223,24," Lannion, Bretagne   ",
Mikahon,24," Mus, Languedoc Roussillon   ","Éternel solitaire, j'aimerais désormais partagerma vie avec une âme soeur.Je suis de ceux qui préfèrent des endroits calmeset peu peuplés.J'aime en apprendre davantage chaque jour etcombler mes lacunes, si tant est qu'on me lepermette.L'injustice et le mensonge m'insupportent.Introverti, le confort d'un chez-soi m'est vital,mais je trouve les sorties dans la nature, loin del..."
Comrade29,18," Briancon, PACA   ","Bonjour a tous. je m'appelle Sasha, j'ai 18 ansMais je précise que je suis mature pour mon âge Je suis un Americans aux alpes, et je suis seule.Je deteste ca comme je deteste la solitude. Doncje suis ici pour trouver quelqu'un pour parler, enrencontrer :)1m82Yeux/chevaux marrons75kg"
Meek353,20," Rennes, Bretagne   ",Cherche des discussions pourquoi pas du réel .. 
Kawa52100,23," Hallignicourt, Champagne Ardenne   ",
ockins,24," La grande motte, Languedoc Roussillon   ",
Antoine91100,24," Corbeil essonnes, Ile de France   ",Recherche sérieuse 
Sully971,22," Toury, Centre   ",Recontre sérieuse 
kotrex123,22," Ivry sur seine, Ile de France   ","Bonjour , je cherche un relation sérieuse ouamical ."
Jeury3197,22," Toulouse, Midi Pyrénées   ",Je me appel jeury je suis de la RépubliqueDominicaine... Je suis doux attentionné et a lécoute. Je ne suis pas parfait mais laisser moi lachance et je vous montrerai qui je suis
boomrn,21," Boulogne sur mer, Nord Pas de Calais   ","Je suis jeune, serieux, plein d'humour."
Tendresse178602,23," Poitiers, Poitou Charentes   ","Gentil, sincère, câlin, serviable, respectueux,tendre...   :)"
Abdel2359,21," Wattrelos, Nord Pas de Calais   ","Ici sans plus . Discuter , faire connaissance ,etc .."
jeremy76660,24," Fresnoy folny, Normandie (Haute)   ","Je suis à la recherche d' un homme sérieux etéquilibré avec qui faire un bout de cheminensemble et fondé un foyer avec qui  avoir uneépaule solide.Ou sont les homme sérieux les vrai avec de vraivaleur , car certain homme  parle plus qu ilagissent et non pas le courage allée jus-qu 'aubout de l étape de la  rencontre .Alors les homme sérieux ou êtes- vous ladifférence d ' ag..."
phare-macie,24," Tourcoing, Nord Pas de Calais   ","Bordel, mais qu'est ce que je vais bien pouvoirmettre ? C'est ce que tout le monde se dit, non ?J'ai 24 ans, je suis étudiant et INTP.Je connais plein de trucs inutiles etinintéressants qui ne me permettent pas de brilleren soirée.J'ai grandi au rythme d'un improbable mélange derock, musique classique, jazz, et musique des 80'Une imagination et une curiosité débordante me ..."
Pepites94,24," Issoudun, Centre   ",Rencontre
Quentin35bretagne,20," Rennes, Bretagne   ",Je me suis inscrit sur le site pour me faire desamis et amies 
flav-94,24," Le kremlin bicetre, Ile de France   ","Hey :) Moi c'est Flavien, j'ai 23 ans,j'habite dans le 94, proche de ParisJe travail à la préfecture  Je suis célibataire"
simon7464,20," Annecy, Rhône Alpes   ",je recherche l amour 
Aymerick4540,20," Luneville, Lorraine   ",
Flo8325,21," Toulon, PACA   ",Ne pas hésité je suis quelqu'un d'ouvert Je serais tout les jours connectée au environ de16h
Thomasj57,22," Thonville, Lorraine   ",Cherche relation serieuse 
Azerty29600,24," Morlaix, Bretagne   ",
julienn49000,24," Beaucouze, Pays de la Loire   ",
K0zavic,21," Ambares et lagrave, Aquitaine   ",
clem68000000,23," Mulhouse, Alsace   ",Je cherche une fille qui aime sortir et appréciéeles moments à deux 
Anthony67,22," Moustey, Aquitaine   ","salut a tous je m appel Anthony j ai 21 ans jesuis célibataire et je recherche de l amitié ouplus sa dependras de la personne avec qui jediscute. je suis actuellement a la recherche d unemploi car j ai fait une formation de mécaniqueauto.je pratique le vélo, je fait aussi despromenades etc...je suis quelqu'un de sensible, affectueux,sociable, gentil j adord l umour mais defois..."
Kilou40,24," Dax, Aquitaine   ",Bonjour moi c'est Killian 24 ans a la recherched'une femme pour comblé mes journées venaisapprendre a me connaître bisous bisous &#128536;
LeKhmer,22," Villeurbanne, Rhône Alpes   ",Vient faire connaissance et on verra 
Dusty41,20," Blois, Centre   ",
JB1994,24," Sevran, Ile de France   ",
Kamykhaz66,22," St cyprien plage, Languedoc Roussillon   ",
yoyo7875,19," Triel sur seine, Ile de France   ",Je recherche une relation  amoureuse sérieuse 
Aiden313,22," Toulouse, Midi Pyrénées   ","Bonjour je cherche un dialogue, une rencontre, desfous-rires ;  deux coeurs qui galopent ets'entrechoquent dans un feu d'artifice de longuehaleine. "
Louranon,24," Avignon, PACA   ",
Chtiflo,23," Toulouse, Midi Pyrénées   ","SalutJe viens d'arriver sur Toulouse pour mes étude, jecherche une fille sympas et jovial pour me fairedécouvrir la ville et plus si affinité."
Lebullsdu34,23," Beziers, Languedoc Roussillon   ",Recherche relation sérieuse
Timal_971,22," St denis, Ile de France   ",Ici pour faire des connaissances
maxizi62,24," Calais, Nord Pas de Calais   ",je cherche une situation sérieux jai 18ans
Kevin442100,20," Pornic, Pays de la Loire   ","Bonjour , je me suis inscrit sur ce site parcequej'aimerai trouver une femme qui maime comme jesuis et qui reste longtemps avec moi je n'est pasde restriction dage donc je pose la question ya til une femme pour m'aimer ? "
MOMOpr670,21," La teste, Aquitaine   ",J'aimerai faire des rencontre ce ci est la ca demon inscription.
Lilitop001,24," Avignon, PACA   ",Je suis ouvert pour toute(s) nouvelle rencontreamical 
Franckyzy,24," Rennes, Bretagne   ",Je suis la pour faire de nouvelles connaissancesprès de chez moi 
17ans20centimetres,19," Argenton sur creuse, Centre   ",
GETS59,24," Tourcoing, Nord Pas de Calais   ",Basketteur a bon niveau aime prendre soin de sesproches la richesse n'existe pas dans l'amour..
Stanley-Dumbo,20," Castres, Midi Pyrénées   ",
Rockmartin68,24," Ribeauville, Alsace   ",guitare musique moto
Gregoire_33600,19," Pessac, Aquitaine   ",
Lesvidence-62,21," Calais, Nord Pas de Calais   ","Bonjours , je suis sur ce site pour des discuteramical , avec des femmes de toute  âge , beaugarçon , très gentils , souriant , assez soumis ,au plaisir de vous lire "
DimiDetroit76,23," Pavilly, Normandie (Haute)   ",Je cherche une relation sérieuse.
Tim3147,24," Muret, Midi Pyrénées   ",Je suis assez ouvert. On peut discuter de tout etde rien. Mais jamais le dernier pour rire.
Sebzen06,24," Nice, PACA   ",
Matthew35,23," Cesson sevigne, Bretagne   ","Bonjour :) Étudiant sur Rennes, je souhaite rencontrer denouvelles personnes, faire connaissance, et enprenant le temps, peut-être engager une histoireplus sérieuse.N'hésitez pas à me contacter :DA bientôt !PS : Faux profils, passez votre chemin."
gaetan1995,23," Notre dame de gravenchon, Normandie (Haute)   ",rencontre serieuse
Guillaume471,19," Allez et cazeneuve, Aquitaine   ",Aime ecouter de la musique
tony-voncastle,23," Divion, Nord Pas de Calais   ",.
cythuz,24," Quend, Picardie   ","Bonjour/bonsoir je suis ici pour faire desrencontres amical (ou plus si affinité ;))Je suis cuisinier, j'aime lire, les balades sur laplage ...Je suis de nature timide mais je sais m'ouvrir aunouvelles personnes "
Reda_ma01,23," Lille, Nord Pas de Calais   ",Salut
chouchou1446,24," Le poinconnet, Centre   ",Bonjour je recherche des femmes de 18 a 60 ansl'âge ne me dérange pas 
chatenetlucas,22," Perigueux, Aquitaine   ",ouech ma pouleeeee!!!!!
misterd57260,24," Dieuze, Lorraine   ",Bonjour je suis ici pour construire quelque chosede sérieux  uniquement  donc pas sérieuses'abstenir afin d'éviter de prendre votre tempsainsi que le mien merci 
Queentin21,22," Etaples, Nord Pas de Calais   ","Je suis étudiant en Histoire , je suis sportif etj'aime les jeux vidéos et la littérature.  Jecherche juste à faire des rencontres et pourquoipas une relation sérieuse. "
Matmat79110,21," Melle, Poitou Charentes   ",Recherche rencontre sérieuse avec qui je pourraism'épanouir
Soulait,21," Le mans, Pays de la Loire   ",
Jayzouu,18," Hazebrouck, Nord Pas de Calais   ",
Sulli59500,21," Douai, Nord Pas de Calais   ",Recherche personne sérieuse pour construiresolidement un relation stable et durable 
Skoll0802,22," Calais, Nord Pas de Calais   ","Recherche rencontre, amical voir plus si affinité.Homme 22 ans, 1m80 70kg, pas d'homme svp"
Az0678,22," Val de reuil, Normandie (Haute)   ","Bonjour,  homme célibataire de 22 ans cherche unefemme pour rencontre sérieuse. Juste envie d'unerelation sérieuse. La vie est plus belle à deux!Pas adepte du virtuel les faux profil merci depasser votre chemin. "
Alexandre004,23," Bordeaux, Aquitaine   ",
Jazz55,23," Nimes, Languedoc Roussillon   ",
GwadLyon69,22," Meyzieu, Rhône Alpes   ",
juju531349,24," Pourrieres, PACA   ",je recherche quelqu'un de sérieuse fidèleattentionné respectueuse mature.
ZuteNon,24," Creteil, Ile de France   ",
Windguitarist,22," Civrieux d azergues, Rhône Alpes   ",Jeune homme en quête de rencontres. 
roro2306,20," Charenton le pont, Ile de France   ","Bonjour à tous, je me suis inscrit sur ce sitepour rencontrer des personnes intéressantes etdans l'idéal la femme de ma vie. Je suis quelqu'unde jovial et très bavard mais quand une fille meplait je m'attache vite et donc j'ai besoin d'êtrerassurée. Je recherche une relation sérieuse avecune fille avec le même age si ce n'est plus âgée.Je suis romantique, fidèle, gentil, très a..."
Kevin13120,20," Grenoble, Rhône Alpes   ",
cedu40,23," Biscarrosse, Aquitaine   ",Je m'appelle Cédric. J'ai 23 ans et je vis àBiscarrosse. Je suis agent d'accueil touristiquedans un musée. A la recherche de nouvelles personnes avec quifaire connaissance. 
Coelis1996,22," Dinan, Bretagne   ",je recherche une personne plus âgée 30 50 ans j aipas d importance mes une femme qui a de laconversation qui aime les échanges ...
AmbroseAsylum,23," Le porge, Aquitaine   ","J'aime les sorties entre amis et en amoureux, lesjeux vidéo..."
BrianLink,22," Viry chatillon, Ile de France   ","Je recherche des personnes, ayant un cerveau, del'humilité, et surtout du coeur. Éphémère, amitié,amour, tant qu'il y a le feeling. Carpe Diem,comme ils disaient à leur époque !Ah oui, j'aime bien parler. Je parle beaucoup avecles autres, j'aime écouter leur vie. Mais quand lapersonne répond pas, bah moi ça me ferme, et ladiscussion devient... Euh... Terne ?"
Belmondo77,18," Lyon 02, Rhône Alpes   ",Rien que du sérieux
thomas7501415,24," Paris 15, Ile de France   ",je suis la
Metallica15,22," Ally, Auvergne   ","Je suis à la recherche d'une femme entre 18 et 25ans gentille attentionné . Je suis gentil doux .Mes passions sont la guitare , le tir , la musique, la pétanque , les films , la lecture ,l'automobile."
ZrkGlitcher,22," Metz, Lorraine   ","Je recherche une femme, sans limite d'âge, pourrelation éphémère amicale ou sérieuse "
Shinzototo,24," Caen, Normandie (Basse)   ",pm
emil892,21," Tours, Centre   ",
Rpha17,24," St sulpice de royan, Poitou Charentes   ","Bonjour à vous !Je souhaite rencontrer une amie, l'amour...,d'autres amis garçons ou filles.Je suis un ptit peu étrange parfois..., on verrasi, garçon ou fille, l'amitié ou l'amour (casfille) sera présent(e) !En cas d'intérêt ou de feeling contactez-moi !"
baalrock,24," Albertville, Rhône Alpes   ",
jujeremy,23," Amiens, Picardie   ","bonjour, j'ai 23 ans , gentil et célibataire, jerecherche le grand amour"
Slim62190,22," Ligny les aire, Nord Pas de Calais   ",Je recherche une très jolie femme
jhomme8622,22," Chatellerault, Poitou Charentes   ",Jeune homme de 22 ans souhaitant rencontrer l'âmesoeur 
Guimauve25,23," Montbeliard, Franche Comté   ",Faire connaissance et plus si affinité
JeuneMec53,24," Laval, Pays de la Loire   ",Pour rencontre cool
anbu31,24," Firminy, Rhône Alpes   ","homme de 24 ans recherchant des rencontres  avecdes femme plus agé, compris entre 50 et 70 ans. "
hlodowigss,22," Nantes, Pays de la Loire   ",
Mimislash,24," Lyon 01, Rhône Alpes   ",
bafanaweed,22," Crepy en valois, Picardie   ",Je recherche une femme 
Pimky3005,20," Boulogne sur mer, Nord Pas de Calais   ",
marce18,21," Mehun sur yevre, Centre   ",Je sui brun au yeux marron je mesure 1m73 je suisgentil et j'essaye de satisfaire la persinne avecmoi
Franck8521,24," La garnache, Pays de la Loire   ","Bonjour, je me suis inscris sur ce site pourdiscuter et échanger avec d'autres personnes, maisaussi éventuellement rencontrer l'âme sœur. Jesouhaiterai rencontrer une femme sympathique avecune personnalité intéressante. Je suis quelqu'unqui aime bien jouer aux jeux-vidéo, j'aime bienaussi lire des livres, mais plus de sciencefiction. Comme écrivain, j'aime bien BernardWerber d..."
cherchefemmecelib,21," Feurs, Rhône Alpes   ",BONJOUR JE CHERCHE UNE FEMME LIBRE J ADORE VOYAGER   DANS LE MONDE ENTIER JE VEUX DES FILLES DE MA REGION 
Leviatan87,24," Landouge, Limousin   ",Cherche fille ;)
Mathis19xix,18," Paris 19, Ile de France   ",Bienvenue sur mon profil.
charlie026,24," Crest, Rhône Alpes   ",cherche une fille pour une relation serieuse 
KevCsn,20," Labry, Lorraine   ",
DrissB,24," Noisy le grand, Ile de France   ",Homme 23 ans Marocain 
Kygo059,24," Lille, Nord Pas de Calais   ",Je devoilerais sa lors de rencontre
djack59200,20," Lille, Nord Pas de Calais   ","Bonjour, je suis ici pour de nouvelles rencontres"
joeurdefoot,22," Bagneux, Ile de France   ",je recherche quelqu'un de mature je n'ai aucunepréférence 
Shorty78,20," Evian les bains, Rhône Alpes   ","Bonjour Julien célibataire, ici pour rencontrer lapersonne que j'aime, et qui m'aime aussi avec dessentiments et je veux fondé une famille avec elle.Donc pas sérieuse ne pas ne contacter merci.Et pour moi l'âge ne veux rien dire t'en que deuxpersonnes s'aime c'est le principal. "
salutitsme,24," St ouen, Ile de France   ",=je cherche une femme sympa simple.
Titou453,22," Paris 14, Ile de France   ","je suis une jeune homme de 20 ans, chatain claire,yeux verts, 1m76, je suis ici pour trouverquelqu'un qui recherche une relation sérieuse etbasée sur la confiance "
Billou75,23," Strasbourg, Alsace   ",
MAMZO94,24," Clermont ferrand, Auvergne   ",Je suis un homme de 24ans et je cherche des femmesplus âgées que moi. Suis toujours dispo à leurappel
estebane-guillot,23," Melrand, Bretagne   ",Oui mon profil est plutot vide .. ^^ mais je nesuis pas une fiche technique ! contactez moi sivous voulez en savoir plus ! 
Romsky,24," Dijon, Bourgogne   ","Salut, venez discuter sans prise de tête :) Bonne journée à vous !"
TotoFib,20," Grigny, Ile de France   ",Je recherche une relation sérieuse sans prise detête avec beaucoup d'humour au rendez-vous !
Sylloup,23," Rennes, Bretagne   ","Salut ! Je m'appelle Sylvain, j'ai 23 ans et jesuis étudiant en Master d'histoire à la fac deRennes ! :) Si vous voulez en savoir plus,n'hésitez pas à m'envoyer un message, c'est le butd'un site de rencontre après tout ! ;)"
Mohamedcisse15,21," Paris 15, Ile de France   ",36 rue Emeriau 
Alrena,23," Villeneuve la garenne, Ile de France   ","Je suis un homme sérieux, honnête franc et sincèrevoulant faire la rencontre de l'amour de ma viemesdames. Je vous rassure je ne cherche aucun pland'un soir, ou autre chose de ce genre. Je tiens àce quelle commence par une relation amicale etvoir plus si affinités entre nous.Si vous souhaitez en savoir plus sur moi contacter moi.Je ne pense pas arriver à trouver les mots pour..."
Redy59,23," Lille, Nord Pas de Calais   ","Salut à toutes, moi c'est Rédouane, j'ai 22ans, jemesure 1m70 pour 95kg (oui je suis enrobé maissportif ^^ ), j'ai les yeux noirs, des cheveuxafros courts. De nature sympathique, drôle et sincère, jerecherche une femme ou jeune femme dans le mêmeprofil (l'âge m'importe peu) pour faireconnaissance et se voir de temps en temps. Et quisait,  l'avenir et le feeling nous dirons si ..."
trigall1998,20," Guebwiller, Alsace   ",
Mat881,21," Saulcy sur meurthe, Lorraine   ",
amesensiblecupidon,23," Brain sur l authion, Pays de la Loire   ","Je préfère ne pas me dévoiler si vite comme sa , cest mon coté mystérieux mais avec plaisir jerépondrai a d'éventuels message "
Azzir09,23," Toulouse, Midi Pyrénées   ",Technicien au casino barrière Toulouse 
cos300,23," Nimes, Languedoc Roussillon   ",
Adridu49,22," Andreze, Pays de la Loire   ",Bonjour je m'appelle Adrien jai 22 ans et jerecherche une relation sérieuse après une personnefranche et honnête 
Nic-Will,24," Niort, Poitou Charentes   ","(mon profil est assez vieux, et la flemme de lemettre à jour, mais hésiter pas à me demander :)^^)"
diblo22,21," Nanterre, Ile de France   ","j'aime discuter,partager avec tout le monde mesémotions"
Yungdave,21," Ste tulle, PACA   ","I'm looking up for someone who I can practice withmy French, a friend or even more"
jeunehommepourfemme5,23," Cherbourg, Normandie (Basse)   ","Je ne me prend pas la tête, mais j'aimeraispouvoir me faire de nouvelle connaissance pourdiscuter, partager, et pourquoi une suite."
Nourismail98,20," Marseille 05, PACA   ",
jeje296,24," Plouigneau, Bretagne   ",
Titi1914,22," Angers, Pays de la Loire   ",
Deegvs,24," Tarbes, Midi Pyrénées   ","Pas de prise de tête et de faux semblants, je suislà pour partager un bon moment et profiter del'instant présent tout en laissant le hasard merendre de nouveau heureux ! Je sors d'une relationtrès tumultueuse alors prenons le temps de faireconnaissance"
Bland22,19," St quay portrieux, Bretagne   ",Je cherche des femmes dans les alentours de saintquay portrieux peux importe l'âge 
Seb81974,24," Lavaur, Midi Pyrénées   ",Bonjour je souhaite faire des rencontres Je vouslaisse me découvrir . A bientôt  N'hésitez pas à m envoyer un message je vousrépond avec plaisir . Si vous voulez d 'autresPhotos demander moi .
Aymeric61100,24," Domfront, Normandie (Basse)   ",
Nico97000,21," Elancourt, Ile de France   ",A la recherche d'une fille simple intelligente etmotivé dans tout
Montagnard11,24," Campagne sur aude, Languedoc Roussillon   ",Je recherche une relation sérieuse ak tout typesde femmes 
Skinnydick4u,18," Chamonix mont blanc, Rhône Alpes   ",
BILOU__,24," Rennes, Bretagne   ","Bonjour,A la recherche de partage et de découverte"
Maxime39150,24," Champagnole, Franche Comté   ",Je cherche a discuter avec des femmes et voir oucela me conduira.
Liptonic64,21," Bordeaux, Aquitaine   ",
Chbenben,24," Amiens, Picardie   ",Discuter et rencontrer des gens :)
DEO2019,23," Evry, Ile de France   ",Relation sérieuse durable
LUKKKKA,21," Quimper, Bretagne   ",
Caramel749,20," Annemasse, Rhône Alpes   ","Je suis quelqu'un de simple  , sans prise de tête "
NicolaM59,22," Haspres, Nord Pas de Calais   ",La sincérité le sérieux je les 
William49430,22," Barace, Pays de la Loire   ",
Srom13,23," Ales, Languedoc Roussillon   ",A la recherche d'une relation sérieuse
mercedesallemagne,19," Pierrelaye, Ile de France   ",pour trouver la personne qui sera s adapter a moncadre de vie je suis jardinier paysagermoto ordi console cine sortie en amoureux tele hypocrisie mensongeje suis gentil assez patient 
Notikav80,24," Creuse, Picardie   ",
adrienglt,24," Nice, PACA   ","je suis pas là pour jouer aux cartes quoique, maisplutôt pour trouver la personne avec quiconstruire quelque chose de sérieux."
Jonathan93230,22," Romainville, Ile de France   ","Je pratique de la méditation, du sport (même sij'aimerais en faire plus).J'adore lire, écrire (quand j'ai del'inspiration), réfléchir sur le sens de la vie cegenre de chose, et joue aux jeux vidéo.Je ne fume pas, je ne bois qu'exceptionnellement.Je suis passionné de médecine, de philosophieasiatique (particulièrement Chine et Japon), descience (physique et médicinale).PS: Re..."
Shiver1998s,20," Paris 19, Ile de France   ",Aime la photographie et la musique
Juanitoo6,24," Nice, PACA   ",Je suis ici pour des rencontres sympa sans prisede tête .
RayChaWas,19," Bordeaux, Aquitaine   ",
FoxofKiss94,24," Epinay sur orge, Ile de France   ","Je suis d'un tempérament calme, pas prise de têteet très à l'écoute.Passionné de musique, de lecture, d'Histoire et deSciencePromenade, être posé à la terrasse d'un café pourpasser un petit moment tranquille "
Alex5335,21," Laval, Pays de la Loire   ","Je suis ici afin de créer une amitié voir plusavec une charmante et gentil femme.Je suis sympathique, drôle, attentionné.. "
ILyress,20," Montlhery, Ile de France   ",
Atdhe33,20," Gironde sur dropt, Aquitaine   ",Être bizarre n'est pas un problème mais une formede liberté
Choco_King7500,23," St avold, Lorraine   ",Cherche simplement à faire connaissance et voir siaffinités Je tien à préciser je suis un homme franc ...Je vous laisse me découvrir demoiselle 
Mikado46230,22," Fontanes, Midi Pyrénées   ",Cherche rencontre
kev82290,19," Montbeton, Midi Pyrénées   ",
Aymeric12850,22," Onet le chateau, Midi Pyrénées   ",22 ans Célibataire &#128148;
Pseudobizarre13,24," Salon de provence, PACA   ",Jeune dynamique 
youpit,21," Chateau d olonne, Pays de la Loire   ",
alex5900,23," Paris 20, Ile de France   ","je suis gentil et attentionné , je cherche unefille pour la rendre heureuse"
Skyblu13,20," Montpellier, Languedoc Roussillon   ",Recherche relation amicale où plus
Jeanjean84200,24," Carpentras, PACA   ",Coucou je suis la pour rencontrer des gentillefemme mure bisou
Kaissib,22," Carmaux, Midi Pyrénées   ","Bonjour,  je suis la pour une nouvelle rencontrecélibataire et fidèle Merci "
crow79,20," St maixent l ecole, Poitou Charentes   ","je m'appelle Théo j%u2019ai 20 ans je suisactuellement en recherche dune relation durable ,je cherche une compagne qui soit simple je n'aiepas vraiment de critères particulier (blonde brunerousse) je veut quelle soit franche et honnête ,passioner par le costume je fait de la coutureainsi que des jeux grandeur nature (GN)  quellesoit originale"
Copa45,21," Rennes, Bretagne   ",Amitiés sincères 
josephdel,22," Toulouse, Midi Pyrénées   "," sérieux, sensible à la base"
Daredevil76,23," Rouen, Normandie (Haute)   ","Bonjour,Je suis un jeune homme très sentimental et fidèlepour qui saura libérer mes sentiments et m'aimercomme je suis.Je cherche à faire des rencontres sincères etl'une d'elle débouchera peut-être sur LE GRANDAMOUR. Mais biensûr, il faut le temps...J'ai un physique assez banal et suis atteint decécité bilattérale de naissance. Mais je suissensible, fidèle et sympa, original...."
kenpai,24," Hirson, Picardie   ",
gilou36,23," Paris 15, Ile de France   ",
Romain06031998,20," Dijon, Bourgogne   ",Je recherche l'amour avec une femme qui maimeracomme je suis
king0606,23," Chauny, Picardie   ",recherche femmes
Damien-04,19," Digne les bains, PACA   ","Salut c’est Damien  je suis un jeunes homme de 19ans mature dans la vie active ouvert d'espritJe me suis inscrite sur ce site dans le but derencontrer une femme dont l'âge est proche dumiens  Personnes souriante sympathique dynamiquedébrouillarde elle-même franche,pour vivre unerelation sérieuses j’aime cuisiner écoute de lamusique me balader … Envoie moi un petite messagepou..."
Wowo91,19," Rueil malmaison, Ile de France   ",
Stivi93,19," Digoin, Bourgogne   ",&#128524;
Florianhotte,20," Amiens, Picardie   ",Célibataire aime être aimer
Julien49250,22," Clefs, Pays de la Loire   ",Bonjour moi ses Julien 22 ans.Je recherche une femme pour une amitié après onverra dans l'avenirEt pour le reste vener me découvrir
Zanzan91,23," Janville sur juine, Ile de France   ","Bonjour je m'appelle Guillaume, pour me décrire enquelques mots, je suis jeune (20 aine) je travaildans le monde de la boulangerie et j'aime fairerire les gens =). Je n'apprécie pas me dévoilercomme ça sur un site, si vous êtes intéressé parmoi envoie moi un message :)"
jule6153,23," Alencon, Normandie (Basse)   ","souriant, dynamique.. venez me découvrir ;) "
JordanR,24," Tarascon, PACA   ",Au feeling!
Paul6798,20," Strasbourg, Alsace   ",
Yaccoo,24," Vienne, Rhône Alpes   ",
corentin25,22," Mouvaux, Nord Pas de Calais   ",j'aime le sport 
Slm86000,20," Poitiers, Poitou Charentes   ",
OBGM37,20," Paris 15, Ile de France   ",
menino-latino,24," Paris 12, Ile de France   ",On me décris comme une personne super gentillemais à ne pas chercher sinon on me trouve.Ce que je cherche c'est avant tous une personnequi sais ce qu'elle veut notamment une personneprête à construire quelque chose de sérieux. Jesuis portugais alors cela restera solide ;) snap : chris.rdgs
gendar91,23," La ville du bois, Ile de France   ",
Mimi132045,21," Arles, PACA   ",Recherche femme mature
Levendou58,20," Chateau chinon ville, Bourgogne   ",
batman67960,21," Entzheim, Alsace   ",jeune homme sur strasbourgcherche une rencontre sérieuse...
julienleromantique,23," Neufchatel hardelot, Nord Pas de Calais   ","Bonjour à tous,Je suis ici pour faire des rencontre et pourquoipas trouver l'amour. Je suis quelqu'un de serieux,droit et honnete. Je suis pas un mec muscle niautre mais il parait qu'il vaut mieux le coeur quele physique :). J'ai plusieurs passion la chasse,modelisme, vélo j 'adore sortir dans la naturepour me balader. Venez me découvrir si vous levoulez :) "
stanou75,20," Paris 07, Ile de France   ",un peu de sérieux ne fais pas de malJe prefer les femmes plus âgés 
Paulo075,21," Paris 15, Ile de France   ",Je suis un jeune homme de 21ans de Paris. Jerecherche une rencontre sérieuse et ou amicale.Malgré plusieurs désillusions amoureuses jeretente ma chance.Pour en savoir plus sur moi contactez moi 
Titititi917,23," Colmar, Alsace   ",
Rayan631,23," Aubiere, Auvergne   ",Rencontre
lucas54d,22," Nancy, Lorraine   ",Viens le découvrir en m'envoyant un message !
Jessy9591,22," Franconville, Ile de France   ",Pour faire de nouvelles rencontres 
-Sunset,21," Begles, Aquitaine   ",
Gaetgaet56,21," Vannes, Bretagne   ",...
JaiEnvieDeVous,23," Toulouse, Midi Pyrénées   ","Salut le monde, je suis là pour dialoguer,échanger, ce rencontrer, amitié. N'hésitez pas jeserais enchanter de vous connaître."
Le_Theo,18," Aix noulette, Nord Pas de Calais   ",
Henricoco,20," Triel sur seine, Ile de France   ","Je recherche une femme plus mature que moi pourpasser du bon temps, donc si vous êtes intéressés,contactez moi "
Karismatika96,22," Reims, Champagne Ardenne   ",
Flodu67,21," Haguenau, Alsace   ",Pour faire des connaissance recherche du srx
Negro97,23," Paris 13, Ile de France   ",Pas de blagueuse
Hardy09,23," Evreux, Normandie (Haute)   ",
Loulou49-95,23," Calais, Nord Pas de Calais   ","Jeune étudiant angevin (de Angers) sympathique etouvert résident actuellement chez sa chérie deCalais!N'hésitez pas à me laisser un petit message, j'yrépondrai avec plaisir !"
jesse-du-72,21," Le mans, Pays de la Loire   ","Je souhaite rencontrer quelqu'un d'intéressé parune relation amicale ou plus ! J'aime beaucoup la musique , les sorties etdiscuter mais je ne suis pas difficile et peuxm'adapter à toutes vos envies.Je n'en dis pas plus , je vous laisse le soin deme découvrir !"
BofStar5,21," Le kremlin bicetre, Ile de France   ","Flemme de détaillerEn clair, je voudrait une relation amicale, ousérieuse"
goodkat59,22," Lille, Nord Pas de Calais   ",a vous de me découvrir :)
AndreMoreira,23," Lezignan corbieres, Languedoc Roussillon   ","Je cherche une fille sympa, cool qui aime fairedes sorties, ballades...."
Corentin-0306,22," Compiegne, Picardie   ","je recherche une fille simple pas compliquée, quine se prend pas la tête pour partager des momentssympas :)Je suis éducateur sportif, je recherche doncquelqu'un d'actif ! J'aime les voyages, les sorties entre amis, leciné ! J'adore la montagne, la neige, le soleil etla mer !Je suis simple et très sociable.N'hésitez pas à me contacter pour que l'on puissefaire connaissance et..."
Aurelien143,22," Montauban, Midi Pyrénées   ",Vener en savoir plus en mp 
Tristan22200,22," Guingamp, Bretagne   ",Blond yeux bleu 170 cm 70 kg gentil aime lessortie et ballade 
Amkhey,18," Perpignan, Languedoc Roussillon   ",
antoine59818,24," Lille, Nord Pas de Calais   ","jeune homme , ayant une joie de vivre rechercheune complice pour construire une histoire"
Rastas9,23," Bellegarde sur valserine, Rhône Alpes   ",Je recherche une femme et je travailler pas voircomme sécurité 
Bawoinj,19," Bordeaux, Aquitaine   ",
Shurax20,23," Le creusot, Bourgogne   ",
Simplement-moi14,18," Lisieux, Normandie (Basse)   ",Célibataire 
stardujours,24," Le havre, Normandie (Haute)   ","je cherche a avoir des nouvelles connaissance, jene cherche  pas l'amour mai garde a l'esprit quel'avenir est inconnu"
Masha06,23," Nice, PACA   ",
Quentjuju,21," L hermitage, Bretagne   ","Je suis timide, gentil, je cherche une relationsérieuse et sincère "
Pingouinn,18," Lyon 03, Rhône Alpes   ",
Homme2570,21," Dijon, Bourgogne   ",Je suis assez réservé mais cherche une femmedésespérément
valentin3011,24," Pau, Aquitaine   ","je n'aime pas trop parler de moi, un peusolitaire.. mais contacte moi pour mieux meconnaitre."
Charlix747,24," Thonon les bains, Rhône Alpes   ",Trouver l'amour avec un grand A
epsilanexsus,24," Pau, Aquitaine   ",
Verlin610-,24," Brest, Bretagne   ",Une rencontre%uD83D%uDE4F
ringotyoni,20," Rue, Picardie   ","Bonjour, je m'appelle Yoni j'ai 19 ans, j'habiteRue en Picardie (Somme), je suis né le 8 décembre1998 au Mans et je cherche la personne idéal avecqui je pourrait avoir une histoire sérieuse "
rayaneh,24," Lille, Nord Pas de Calais   ",rue de terroie
Alex28440,23," St remy sur avre, Centre   ",
Souly596,21," Versailles, Ile de France   ", Cherche relation amicale ou amoureuse. Nouveausur Paris je cherche des amis 
juju91100,19," Villabe, Ile de France   ",je suis à la recherche d'une rencontre sérieuse etfidèle honnête et sincere pour une relationdurable ensemble.
Vic_91,23," Nozay, Ile de France   ","Jeune homme doux, attentionné, généraux, jerecherche ma moitié avec qui avoir une relationsérieuse basée sur la confiance, le partage, lasincérité.Je suis ouvert à la discussions avec tout le mondesur tout les sujets du moment que le respect estprésent."
Dylan423,22," Roanne, Rhône Alpes   ",Celibataire sans enfants 22 ans je recherche unerelation serieux base sur la confiance
Nunomhr,24," Morangis, Ile de France   ",Salut :)Ici en recherche de belles amitiés 
Antoinou38,22," Marseille 05, PACA   ",
Assassins,22," Lescar, Aquitaine   ",
Sonic120598,20," Nice, PACA   ","Bonjour, je m'appelle Alexandre et je cherche unerencontre sérieuse celle qui prendra soin de moiet de elle, je suis une personne gentil j'adorevoyager sortir le sport, profiter de la vie!!Je suis timide et j'arrive pas a dire a lapersonne que je l'aime c'est pourquoi je me suisinscrit sur ce site pour faire des rencontres etpeut être trouver la bonne personne."
Wilson75011,20," Les lilas, Ile de France   ",
Queueblack29,24," Brest, Bretagne   ",
Benjii14,18," Paris 19, Ile de France   ",
flavv007,23," Paris 15, Ile de France   ",
Jeunedebayonne,20," Bayonne, Aquitaine   ",
robsob94,21," St maur des fosses, Ile de France   ",
Moms939393,24," La courneuve, Ile de France   ",Je cherche  à faire une recontre  sympa   tout dele respect  
erwann72,22," Le mans, Pays de la Loire   ",ici pour parler pour le moment 
GOUESS04,22," Montpellier, Languedoc Roussillon   ",Black man
algoux,23," Metz, Lorraine   ",
Vitrelouis64,18," Urrugne, Aquitaine   ", je recherche à faire des connaissent
tomy68,23," Colmar, Alsace   ",
julien1209,21," Villars, Rhône Alpes   ","Ayant un peu de temps libre en ce moment, jerecherche à me faire des amis afin d'apprendred'autrui, que ce soit dans sa culture, sescroyances, ses actions, bref, j'ai vraiment enviede connaitre des gens qui sortent de l'ordinaire.Faire de belles rencontres et echanger en oubliantle contexte.Je ne recherche à vrai dire rien de spécial sur cesite, juste échanger, sans sous-enten..."
Jithel,23," Mimet, PACA   ",Je suis plutôt réservé d'apparence mais je suistrès ouvert lors d'une discussion. Je recherche unpartenaire sérieux pour faire des projets de vie àlong terme. Je suis patient quitte à finir seul.
Julidas,22," Quimper, Bretagne   ",Je suis cherche une femme sérieuse 
mikaof03,23," Tours, Centre   ","21 ans,timide."
Boy42000,24," St etienne, Rhône Alpes   ",
Kevinnnnne,23," Douai, Nord Pas de Calais   ",
Lobrow41,24," Beaugency, Centre   ",homme qui aime pas se prendre la tête qui aimerigoler aime la convivialité et le respect
Wawa57,19," Knutange, Lorraine   ","Je suis une personne sympa et plutôt drôle ! Jerecherche une personne douce et attentionnée maisqui a quand même un peu de caractère.Personnellement j'aime la musique, le sport et lesjeux-videos."
PhoenixRed,22," Bourges, Centre   ","Bonjour, Je suis ici pour faire passer le temps et pourquoipas faire des rencontres sympa, de tout type et den importe quel age"
Floriandu69,20," Betete, Limousin   ",Faire des connaissances et avoir du serieux 
brice1996,22," Melun, Ile de France   ",
Logancan,23," Amiens, Picardie   ",Je sais pas
Titi8h3,24," Hyeres, PACA   ",
anas_1994,24," Dijon, Bourgogne   ",bonjour bonsoir je m’apelle anas j’ai 24 ans je cherche unerelation sérieuse je cherche une femme pour unmariage sérieux si c’est pas sérieux merci de pas me parler 
jims63,23," St priest bramefant, Auvergne   ",
Sam-uel26,20," Valence, Rhône Alpes   ",Bonjour ça va bien ? Je cherche à faire desrencontres sérieuses. 
Hugo06000,22," Nice, PACA   ",Je suis jeune et j'aime croquer la vie à pleinedents
Clementlas76654,18," Yvetot, Normandie (Haute)   ","Je m'appelle Clément , j'ai actuellement 18 ans jerecherche surtout à parler avec des gens "
Torino80,24," Abbeville, Picardie   ",
Tony107,23," Arcis sur aube, Champagne Ardenne   ","Je suis ici pour faire de nouvelles rencontre avecdes filles de l'aube pour discuté, amitiés et plussi affinités."
Pgba09,21," Oyonnax, Rhône Alpes   ",Hj
Para6783,23," Le muy, PACA   ","Recherche amitié, voir plus"
Gautiti59,24," Carvin, Nord Pas de Calais   ",À quoi sert une description ? Vous en saurez plussi je viens vous parler !
charloulefou,24," Les pavillons sous bois, Ile de France   ",Bonjour a tous.Mes que dire de moi pas compliqué je suis un petitcon de 22 ans qui adore rigoler faire de nouvellerencontre je plus doué en amitié quand amourmdrrrrr mes amie me décrit comme gentil a grandcœur il en faux pour que je me fâche a part saphysiquement pas attirant mdrrrr 
newgo38,22," St etienne, Rhône Alpes   ","étudiant stéphanois, what else ? ask me "
mevene64,22," Bordeaux, Aquitaine   ",Jeune homme étudiant chercher belles rencontres :)
Kevin0811,23," Les aix d angillon, Centre   ",
Souf1996,22," Clichy sous bois, Ile de France   ",Bonjour
Broly13,18," Avignon, PACA   ",Je cherche à rencontrer une femme gentille douceet attentionnée 
kalidou2018,24," Nantes, Pays de la Loire   ",Je suis beau et sérieux.
Leo576000,23," Forbach, Lorraine   ","Bonjour à tous, je recherche une relation stable.N'hésitez pas à venir me parler si vous êtes dansla même situation. "
cyrilsapientia,23," Montelimar, Rhône Alpes   ",humm que dire sur moi je suis paysagiste j'aime lamoto les balades les soirées je m'y connais un peuen informatique et je fait du piano depuis 8 moisenvirons 
Baggy03,21," Arfeuilles, Auvergne   ",Starf
benji91420,24," Morangis, Ile de France   ",Venez parlez 
romainSud,24," La couronne carro, PACA   ",
Alexfrench35,23," St etienne, Rhône Alpes   ","N aies pas peur, je mords oui, mais pas si fortque ça "
FemelleBubbleBut,24," Sarcelles, Ile de France   ",
val03400,24," Moulins, Auvergne   ",je suis condamnée a rester seul en France. dans lavraie vie je ne parle pas aux filles je ne sortcasiment pas a quoi sa sert comme j'intéressepersonne.
Mcbeth,23," Serris, Ile de France   ",
Attilio21,22," Dijon, Bourgogne   ",
NicoLng,22," Guingamp, Bretagne   ","Je recherche des rencontres amicales ou sérieux,tous dépendra du felling"
hatim2016,24," Orleans, Centre   ",recherche une relation serieuse 
youssefkr,23," Chevilly larue, Ile de France   ","bonjour,solo voyageur qui aime profiter de la vie, jouerde la guitare, surfer, pêcher,  sourire, bienm'amuser et d'être entouré par des  gens joyeux.J'aime plus découvrir, je préfère que chaque joursoit différent de l'autre plutôt que de s'ennuyeren ayant une routine. "
Sponer,24," Limoges, Limousin   ",Cherche a faire des rencontres ...
Griffith_45,22," Orleans, Centre   ","Je suis brésilien d'origine et chrétienculturellement (non-pratiquant)Ce que j'aime ? La bonne bouffe, internet, lesanimaux, le cinéma et surtout beaucoup la musique!Piano, Guitare, Batterie, Xylophone.. J'essaie detoucher à tout ! Je suis de nature calme et sobreTrès ouvert à tout les types d'arts et à toutesles imaginations"
Ghyslain123,24," Sevran, Ile de France   ",titre
Jeunnehomme92,21," Bois colombes, Ile de France   ",Pour faire des connaissance
Math-Storm44,19," Beziers, Languedoc Roussillon   ",
JustinDream,21," Marseille 10, PACA   ","Aimer la vie, apprécier les bons moments, êtrecurieux, rêver, croire en l'autre, en ce qu'il estainsi qu'à ce qu'il pourrait devenir. J'aime lalangue française et sa culture, ambitieux, j'aides rêves pleins la tête et je crois que l'amourpeut être vécu.      Romantique, doux, attentionné, fidèle, honnêteavec des principes mais ouvert d'esprit, le resteà découvrir.. N'hésites ..."
Johnny_14,22," Benouville, Normandie (Basse)   ",Me contacter pour plus d'information 
Elypso,19," Nice, PACA   ",Hello je suis sur Nice
deceus62,18," Bethune, Nord Pas de Calais   ",
Col501,22," Mayenne, Pays de la Loire   ",
DSeven59140,18," Dunkerque, Nord Pas de Calais   ",
didix3300,23," Lormont, Aquitaine   ",je cherche du serieux est une relation durable
simsamson,24," Vannes, Bretagne   ",
flavdu34,20," Montpellier, Languedoc Roussillon   ",je vous laisse venir découvrir 
Surfruize,23," Quimper, Bretagne   ",
Landry94190,20," Villeneuve st georges, Ile de France   ",Cc jespere fait une belle rencontre
kaderkoul,22," Clermont ferrand, Auvergne   ",Que du sérieux svp
Soumantho,21," Nice, PACA   ","Jeune niçois de 22 ans, je  recherche unerencontre éphémère ou sérieuse. "
youssou974,23," Niort, Poitou Charentes   ",Personne discret sympathique et honnête 
Jacob77790,21," Dammarie les lys, Ile de France   ",je suis tmide 
Dunkanlr,19," Vannes, Bretagne   ",cherche à faire des rencontres sans prise de tête.
Tommm38,24," Vineuil, Centre   ",
Serberos,21," Champagne sur oise, Ile de France   ",
Nicooolaas,21," Limoges, Limousin   ",-
Nicobcbg62,24," Arras, Nord Pas de Calais   ",
Stralis450,21," Valence, Rhône Alpes   ",Je recherche une femme sérieuse pour une relationsérieuse 
Roi810,24," Dijon, Bourgogne   ",.....
llLucll,23," Evry, Ile de France   ",
karimyassa,21," Neuville de poitou, Poitou Charentes   ","Travail sur neuville, je suis nouveau dans lescoins, je suis assez timide "
cedrico29,24," Brest, Bretagne   ",Salut les poules!
Helpme2day,23," Bruges, Aquitaine   ",Je recherche une femme qui m'aime pour ce que jesuis. Une femme qui n'ai pas froid aux yeux.
duncan30,22," Nimes, Languedoc Roussillon   ","je m'appelle Duncan j'ai 18 ans brun aux yeuxbleus je suis ici pour trouver l'amour si vousêtes intéresser venez parler ;),je suis quelqu'unde doux , gentil , fidéle , attentionnée et calin, je cherche une relation sérieuse avec de vraiesentiments et qui dure ! :) voili voilou ! :)"
Blanco2neuf,24," Douarnenez, Bretagne   ",Relation sérieuse  avant tout 
Mehdibmt80,24," Amiens, Picardie   ",
arnaud02400,22," Bezu st germain, Picardie   ",
Swannboo,19," Melun, Ile de France   ",:)
Richardgentlemen1,20," Cugnaux, Midi Pyrénées   ",Viens on discute 
Momosignat,24," Rennes, Bretagne   ",Je cherche une femme pour une relation sérieuse 
thomas97500,21," Nantes, Pays de la Loire   ","je cherche une femme fidèle, sérieuse, déterminer,honnête, respectueuse.venez me parler pour faire ma connaissance. Jesuis quelqu’un qui aime le dialogue et ouvertd'esprit. "
Tomc15,24," Toulouse, Midi Pyrénées   ", envie de créer des relation 
DiDi9696,22," Paris 14, Ile de France   ",Rencontres amicales? 
Blcztg,22," Chamarande, Ile de France   ","Étudiant en journalisme à Paris, je recherche àdiscuter &#128522;"
Damien17250,18," Rochefort, Poitou Charentes   ","Je suis brun, aux yeux marrons, 1m78, 61kg"
Chff75,22," Decize, Bourgogne   ",Je cherche une rencontre sérieux 
Pablo36000,24," Chateauroux, Centre   ",Je suis ici pour faire des rencontre
benjamin18091997,21," Argentan, Normandie (Basse)   ",je mappelle benjamin hebert je vie a argentan jai21ans 
Lulu1999,19," Argeles sur mer, Languedoc Roussillon   ",Je suis pas compliquer 
Jocelyn4,20," Nantes, Pays de la Loire   ",Bonjour je me présente Jocelyn j'ai 20 anscélibataire depuis quelle-que temps j'habite aNantes dans un appartement je travail en cuisinechez hippopotamus de Nantes Atlantis je suis icipour trouver ma zing est de créer une véritablerelation basée sur la confiance et le respect a nepas oublier je rêve d'avoir un enfant avec mafutur zing de ma vie si elle désirs en avoir elleauss...
Jaime4568,22," Cognac, Poitou Charentes   ",recheter par les femme et cherche atention etcompasion
Jojo721000,22," Le mans, Pays de la Loire   ",Faire des connaissance voir plus
Juju261997,21," La rochelle, Poitou Charentes   ",Pour faire des rencontres amoureuse
Luigi_D,19," Garennes sur eure, Normandie (Haute)   ",Je m'appelle Luigi et je suis à la recherche debelle demoiselle pour conquérir mon coeur ! 
Matt6465,24," Pau, Aquitaine   ",
kevin0206,23," St quentin, Picardie   ",je recherche une fille sérieuse à 18 ans à 29j'aime  bien sport et la musique et le cinéma  etles jeux vidéos
EUhombre,24," Belhade, Aquitaine   ","échanger, découvrir, je cherche a faire desconnaissances avec des personnes tout saufsuperficielles. "
Cocos56,19," Lorient, Bretagne   ",
TheRaptorGame,21," Marquise, Nord Pas de Calais   ",salut je m'apelle sylvain j'ai 19 ans je suismotard
Stayvo,23," La chapelle st mesmin, Centre   ",
Titi0372,22," Le mans, Pays de la Loire   ",
Nico18121998,20," Douai, Nord Pas de Calais   ",Recherche du serieux 
youssef-94,24," Lyon 09, Rhône Alpes   ",...
fefe25,24," Besancon, Franche Comté   ",jeune homme serieux cherche l'amour...
Justeduplaiz,22," Grenoble, Rhône Alpes   ",
clementdu35,23," Rennes, Bretagne   ","je suis célibataire je cherche une copine trésintéréssé par moi je rêve de trouver l'amour jesuis paysagiste passionné par l'organisation desoirée événement je suis un peu timide, je suischâtain, je suis attentionné avec lesfilles,j'aime prendre soin des filles, je suis unjeune homme en CDI cherche à faire de nouvellesrencontres"
gofisteduty,21," Terrasson la villedieu, Aquitaine   ",rencontre amicale
Pierrick31220,20," Cazeres, Midi Pyrénées   ",Je suis à la recherche d'une femme sérieuse fidèle
Chbi123,23," La seyne sur mer, PACA   ",Bonjour j ai 22  ans je suis handicapéphysiquement  je recherche une fille pour m  aimerJ'aime la mer les sorties les ballades 
Maxfonfon,24," Airvault, Poitou Charentes   ","Je m'appelle Adrien j'ai 23 ans, je suischarpentier, j'habite dans les deux Sèvres prèsd'Airvault et je cherche à faire des rencontressérieuse et plus si affinité."
ZackFeril,20," Chateau d olonne, Pays de la Loire   ",Relation sérieuse
MrPlou1,23," Angers, Pays de la Loire   ","Je recherche des rencontres sympas, sans prise detête! Je recherche aussi une relation sérieusemais je veux d abord apprendre à connaître lautre!je suis un homme simple, qui aime beaucoup dechoses (sorties ciné resto, art, soirée ...)Si vous êtes intéressée  contactez moi en MPBiz"
PigeonSensei,19," Ormesson sur marne, Ile de France   ",Tout est un complot des américains.
Life_Of_Love,22," Toulouse, Midi Pyrénées   ","Voyager,manger,sport,cultivé"
Lud65000,24," Tarbes, Midi Pyrénées   ",Jeune garçon poli courtois pour discuter ou plussi affinité 
iannis666,18," Perpignan, Languedoc Roussillon   ",
Math3120,21," Cazeres, Midi Pyrénées   ",
Paps93-23,24," Romainville, Ile de France   ",Simple 
Steev60100,24," Creil, Picardie   ",
adamkh,24," Tours, Centre   ","Tours, 37000"
brendhon972,21," Elbeuf, Normandie (Haute)   ",
fabich85700,20," St michel mont mercure, Pays de la Loire   ","Je suis un homme célibataire de 20 ans simple ettrès ouvert d'esprit. Mes passions sont le sport,les séries et l'astronomie. Je me suis inscrit surce site pour faire des rencontres amicales ou plussi affinité. N'hésite pas à m'envoyer un messagesi tu veux apprendre à plus me connaître ! ;)"
artek123,20," Marseille 04, PACA   ",Je cherche l'amour sérieuse.
saint-pikha,22," Rennes, Bretagne   ",je cherche des filles serieuses qui veulent ou quicherchent de l amour . je suis la pour cettesimple raison . je suis sur rennes pour plus dinformations laissez un message et je reponds toutde suite . 
Milo31pl,19," Paris 14, Ile de France   ",Je suis venu faire la connaissance de nouvellefemme plus âge 
Julian57255,21," Ste marie aux chenes, Lorraine   ",
estebanmesnil,18," St lo, Normandie (Basse)   ",
Ferdinandtaba,22," Paris 20, Ile de France   ",Bnjr à tous je m'appelle Ferdinand j'ai 21 ans jesuis un malgache qui vient de Madagascar Je visEn France à  Paris je suis à la recherched'n emplois dans la cuisine et je suis un jeunecélibataire j'adorerais rencontre une ou desfemmes j'adore m'amuser aller au cinéma allez cepromener je suis un sportif je joue au foot 
Maxou117264,18," Royan, Poitou Charentes   ",
jbou64,23," Elancourt, Ile de France   ",
kevin194,24," Amberieu en bugey, Rhône Alpes   ",je suis patissier boulanger j'ai 20 ans je suisblond au yeux bleu
Djiby-96,22," Vannes, Bretagne   ","Bonjour Je suis là pour une relation, sérieuse&#128522;"
pgaziello,20," Rambouillet, Ile de France   ","Bonjour, je m'appelle Philippe, j'ai 20 ans, jevie en région parisienne...Venez me parlez pour en savoir plus sur moi, fairela connaissance !"
Mareco13,21," Avignon, PACA   ",
Aaron78,22," Poissy, Ile de France   ",Cherche femme noire ou metisse
Chino76,24," Rouen, Normandie (Haute)   ",
Yassine06600,24," Antibes, PACA   ",Très souriant très suivant de bonne humeurs pourle reste a vous de me découvrir
paro02200,22," Soissons, Picardie   ","Bonjour,bonsoir cherche femme serieuse de mon agemerci &#9786;"
OmeGA731,23," Creteil, Ile de France   ",du coup sur a la recherche de mon arme s%u0153urpour mieux commencer un aventure j%u2019aivraiment tout les qualités dont vous rechercherchez s%u2019un homme soit disant grand beauintelligent lol surtout j%u2019aime pas les femmesprofiteurs menteuse infidèles.....Ici pour une relation bien sérieuse car restercire est bien plus difficile que tout... 
Popeye59128,24," Douai, Nord Pas de Calais   ",
Asapo94,24," Brunoy, Ile de France   ",
LeTimiD,24," Nancy, Lorraine   ",
Fadjiii,24," Toulouse, Midi Pyrénées   ","Jeune de 23 ans, qui cherche à rencontrer desfemmes et non à perdre son temps avec des enfants,avec qui on puisse avoir de la discussion passerde bons moments, à suivre "
gaboububu,19," Versailles, Ile de France   ",
Damien06210,24," Cannes, PACA   ","Bonjour, je suis ici pour rencontrer la femme avecqui je pourrai partager de très bons moments debonheur de joie et de confiance, qui sera maconfidente et ma meilleure amie dans un respectmutuel pour construire une relation durable etfidèle."
Alexkr91,24," Ballancourt sur essonne, Ile de France   ",
Notdeadh,23," Paris 11, Ile de France   ",
kevinn181,21," Hendaye, Aquitaine   ",Avoir de nouvelle connaissances
Didi350,24," St malo, Bretagne   ",..
Val381101996,22," Claix, Poitou Charentes   ",Je suis un jeune homme de 21 ans je recherche pourcommencer une relation amicale qui pourra jel'espere ce transformer en une relation amoureuses'il y a un bon feeling. Je n'ai pas de limitedans les ages de ma recherche... je rechercheuniquement un bon feeling....
Kingdomm09,23," Nice, PACA   ",Recherche une femme 
Drackphenix13,24," Aix en provence, PACA   ",
Porche34,22," Montpellier, Languedoc Roussillon   ",Je recherche une relation stable%uD83D%uDE09 
jason53,24," Le mans, Pays de la Loire   ",Bonjour à tous
brunofons,24," Chevreuse, Ile de France   ",Ne soyez pas effrayé 
RaFall2,24," Nancy, Lorraine   ",Timide 
Pedrodumortier59,24," Aulnoye aymeries, Nord Pas de Calais   ",
Ronan35340,21," Liffre, Bretagne   ",Cherche éphémère 
Flwuch,18," St laurent du var, PACA   ",
smockdza,22," Paris 19, Ile de France   ",
Maxouuu59,21," Lille, Nord Pas de Calais   ",
Tigaf-1_4,20," Souillac, Midi Pyrénées   ",
Kian_38,24," Pont de cheruy, Rhône Alpes   ",
tedy33,23," Talence, Aquitaine   ", cherche compagne
zama95,23," Clermont ferrand, Auvergne   ",Salut je suis un jeune garçon je suis ici pourfaire des rencontre 
mahamed20,19," Noisy le sec, Ile de France   ",Noisy le sec
Alex1347,20," Deuil la barre, Ile de France   ",Just de chooses serious 
Bray12,23," Dammarie, Centre   ",Chercher rencontre sérieuse Je suis attiré par les femmes plus âgées que moi Je suis quelqu un  calme très sincère et jaime bien rire aussi 
axeldmr,20," Perpignan, Languedoc Roussillon   ","je suis sympa, j'adore le roller et la musique ^^ "
Taurnil,24," Dunkerque, Nord Pas de Calais   ","Je suis a la recherche d'une femme qui comme moirecherche le dialogue, la tendresse, l'amour, ...Mes occupations sont principalement la lecture ,les sorties en tout genre , le cinéma , la musiqueet l'informatique .Simple discutions , sorties ou plus n'hésitez pasa venir me voir je suis ici pour faire desrencontres , simples échanges , amitié ou plus :)Je suis fidèle , un peu t..."
macliade,21," Evry, Ile de France   ",Rencontre sérieuse 
Bill1121,24," Port la nouvelle, Languedoc Roussillon   ",Rêveur
Mickdu25200,23," Montbeliard, Franche Comté   ",Je suis ouvert sociable gentil et j'aime regarderdes films jouer sur pc discuter me promener fairedes ciné  
lolo448,24," Arzon, Bretagne   ",sportif 
17cmtbm,18," Troyes, Champagne Ardenne   ",Cherche 1 fois
Diabymoha1998,20," Bellefontaine, Ile de France   ",Salut je m’appelle Mouhamadou Diaby j’ai 20 ans jesuis à la recherche d’une relation durée 
alex38serieux,22," Morestel, Rhône Alpes   ","Je suis ici pour une rencontre sérieuse, d'aborddiscuter amicalement. Pui si affinité on verrapour plus ;) , hésite pas a me demande des info (pour des photo vien d'abord discuté biss"
Exauce21,18," Dijon, Bourgogne   ",
Laminosse4,19," Limoges, Limousin   ","Je suis un mec super, frasil et dynamique"
Anthony0059,24," Lille, Nord Pas de Calais   ",Je suis un bon compagnon de voyage et dedécouverte.
Wiwi76000,19," Rouen, Normandie (Haute)   ","Rencontre, faire connaissance voir plus siaffinités"
paulfrana,22," Nancy, Lorraine   ",demande mon email si vous voulez plus
hatier,18," Coignieres, Ile de France   ",
Tinbat,23," Reims, Champagne Ardenne   ",Curieux
Gentlemen49000,20," Angers, Pays de la Loire   ",J'ai 20 ans J'aime rire Sortir M'amuser
Max1300,24," Martigues, PACA   ",Recherche à discuter aux premiers abords etdécouvrir amicalement. 
Lolopain,24," St etienne, Rhône Alpes   ",Cherche rencontre tout type pour s'evadé 
ViolentGalan78,22," Trappes, Ile de France   ",
Mr-Hendrix26,23," Valence, Rhône Alpes   ","Ouvert a tout(e/s) discussions, débats ou idéesuccéptible de m'aider a dormir moins on se soir !:) Sinon rien de mieux que le feeling pour déciderdu reste"
nicolas682,24," Mulhouse, Alsace   ",IUYFHGC
Bakari7805,21," Aubergenville, Ile de France   ",Venez parle chui sympathique 
Polpol92,23," Clamart, Ile de France   ","Je suis principalement peintre, mais je peutsculpter aussi. Par extension je recherche unefemme."
Tonnniiooo,24," Orleans, Centre   ",
Flippa,24," Grenoble, Rhône Alpes   ",Je recherche ma moitié et j’en ai marre desmauvais coup
Loveur59730,18," Solesmes, Nord Pas de Calais   ",
Nacim-83,22," Cugnaux, Midi Pyrénées   ",agrandir mon cercle d'amis
toinou09,24," Pamiers, Midi Pyrénées   ",recherche serieux 
TrglaZ,18," Paris 20, Ile de France   ",Cherche plan q 
Natht32,20," Paris 12, Ile de France   ", ? 
Rayann_migo,24," Paris 04, Ile de France   ",Homme charmant de 24 ans je cherche une fille âgémoins ou plus que moi. Une histoire amour etaccecible à tout style de femmes
Yahoosport30,22," Avignon, PACA   ",
jeremy29400,19," Landivisiau, Bretagne   ",cc je suis jeremyje suis bretonj'aime le footles filmmon fb est jeremy fcm
Doukansi,19," Creteil, Ile de France   ",Je suis un jeune black je recherche une femme pourfaire ma vie avec elle une femme sérieuse 
Jo68290,24," Mulhouse, Alsace   ",Bonjour à tous Je cherche femme mûr ouverte d'esprit pourdiscussion 
Dhia_Bnm,23," Bethune, Nord Pas de Calais   ","Jeune étudiant célibataire , qui cherche àrencontrer des femmes cultivées et matures"
Kibuka,24," Pau, Aquitaine   ","Un  dialogue permanent permet a un couple de vivre, Alors je recherche une femme qui pourrait aussime  faire vivre.  "
Barbrond,20," Royan, Poitou Charentes   ",
Laaurent67000,24," Strasbourg, Alsace   ",Je suis passionné de sport (badminton) et apprécieles moments entre amis. Je recherche une relationsérieuse et durable basée sur la confiance et lacomplicité.  
ElDarius,22," St etienne, Rhône Alpes   ",Jeune homme sportif et endurent ouvert a tousproposition
84Mateo84,23," Fontaine de vaucluse, PACA   ",
blob-788,24," Levallois perret, Ile de France   ","Je déteste l'ennuie donc vous pouvez vous gardervos ""salut ça va""  J'aime bien faire du sport' rencontrer du monde'sortir faire la fête. Je suis une personne très simple J'aime lespersonnes naturel et simple. J'aime voyager I"
Lebeaugosse41,19," Neuvy, Centre   ",Je recherche une  fille  qui et gentil câlin  
Ahmad98765,24," Paris 13, Ile de France   ",J suis la
Jeunelyonnais,21," Villeurbanne, Rhône Alpes   ","jeune Homme, Lyon "
bagwel45,22," Clermont ferrand, Auvergne   ",
Louis99998,21," Hyeres, PACA   ",Je suis plombier je cherche une femme qui esrespectueuse simpa et qui sors vener parler ! 
albertodfco,18," Fontaine les dijon, Bourgogne   ",je suis un homme rigolo qui aime la nature lapêche le sport et l'histoire
AurelienBlg,21," Bethune, Nord Pas de Calais   ",Cherche rencontre 
CHELFI14,22," Le mee sur seine, Ile de France   ",Je suis entré de cherche un vraie âme soeur 
SunOfFreedom,22," Paris 19, Ile de France   ",
Arthurdu60,23," Beauvais, Picardie   ",Je cherche une personne pour s’amuser passer dubon temps en étant discret 
Jiji782,21," Mantes la jolie, Ile de France   ",20 ans
Vinvin42210,22," Montrond les bains, Rhône Alpes   ",
gaelbcl35,21," Rennes, Bretagne   ",
Wissto,19," Montigny les cormeilles, Ile de France   ",
torvickovich,20," Cholet, Pays de la Loire   ",
Doums23000,22," Chateauroux, Centre   ",Je suis jeune mais c'est pas pour ça que je nerecherche pas l'amour
Dra003,23," Le blanc mesnil, Ile de France   ",Je suis célibataire Je cherche une femme pour vivre ou pour une soirée
Momo92360,23," Clamart, Ile de France   ",Je suis un bg 
Jeune-male30,24," Nimes, Languedoc Roussillon   ",
Audrick93,22," Drancy, Ile de France   ",
sidali0507,23," St denis, Ile de France   ","Salut, je m'appelle sid ali j'ai 23 ans. Je suisnouveau  ici,  je suis un étudiant à l'universitéde paris descartes je me suis inscrit dans le butde faire de nouvelles rencontres.  J'aime la lecture , le sport.,..N'hésitez pas à me contacter pour plusd'informations"
Alireza13,23," Paris 05, Ile de France   ","Salut, Je cherche des amis à Paris.Et pourquoi pas une recontre serieux avec la bonnepersonne "
mohamadnaazar,23," Evry, Ile de France   ","je cherche aussi un vrai mariage, je veux vivre enfrance confort et je suis sûr que si j'épouse unefemme ce sera bien pour moi. mais nous devrionsdiscuter de certains sujets les uns avec lesautres"
Loicdedk,21," Le mans, Pays de la Loire   ",
Dedez31250,20," Osseja, Languedoc Roussillon   ",Bonjour je cherches un homme entres 18 et 25 anspour l'instant je suis hospitaliser car j ai faisune depression j'adore les animaux c'est mapassion jaime beaucoups la musiques sortir. Jenaime pas la violence les insultes. je suischatain au yeux bleu je fais 1m80 jai un grandcoeur 
Whisper94,24," Pfastatt, Alsace   ","Jeune homme, 20 ans, gentil, attentionné mais trèstimide, cherche jeune femme, uniquement de marégion, pour relation sérieuse.Très absorbé par mes études de designer enpublicité, j'ai besoin, à ce jour, de partager mespassions avec une personne simple, douce etmotivée. "
steven1968,20," Brive la gaillarde, Limousin   ",
dydou123,19," Niort, Poitou Charentes   ",:p
Paky694,24," Lyon 06, Rhône Alpes   ",Juste profiter de la vie et trouver si possiblel'amour 
tarek_ounissi,23," Paris 15, Ile de France   ","Tarek 24 ans .. je fume pas...ni alcool .. nifootball .. ni drogue xd Je suis un peu timide.. j'aime les voyages etdécouvrir les autres cultures , la rondonne ,nature Et je suis professionnel dans la cuisine  ( NB :No street food ) ^^"
yoyo6440,20," Pau, Aquitaine   ",Bonjour je suis un jeune homme de 20 ans prêt àfaire de nouvelle rencontre.
legnome001,22," Mulhouse, Alsace   ", A
Manu77610,20," Fontenay tresigny, Ile de France   ",
Hugo_zerrosix,21," Cannes, PACA   ","Bonjour à toutes. Je m'appelle Hugo.Je suis quelqu'un qui aime beaucoup le voyage etexplorer des lieux d'une beauté inimaginable. Je vie actuellement dans le 06 et ne recherche quedes personnes aiment également voyager entre amis.Si vous aussi recherchez les mêmes aventures quemoi,contacter moi."
TheRennais,22," Rennes, Bretagne   ",Y a t'il quelqu'un de sérieux dans ce monde cruel?
ElGreko,23," Marseille 06, PACA   ",
Natktm17,20," St jean d angely, Poitou Charentes   ",Je cherche une fille gentille rigolote  et trèsviffe 
thib29200,24," Brest, Bretagne   ",
HeangB,24," Tremblay en france, Ile de France   ",
Imidre12,23," Compiegne, Picardie   ",
Edwinpotier,19," Brive la gaillarde, Limousin   ",
louisvuitton31,24," Toulouse, Midi Pyrénées   ",??
Alvin29200,24," Brest, Bretagne   ","Jeune homme de presque 25 ans cherche à faire denouvelles rencontres.J'aime voyager, prendre des photos et rire."
fluflu,24," Poitiers, Poitou Charentes   "," Doué d'intelligence, ce nounours en pelucherecherche une conversion simple ou une relationsérieuse. il adore discuter de tout et de rien,fans de beaucoup de choses qui ne pourrais pasdétaillé ici. ps: il adore les câlins donc il estdocile comme un agneau."
Niko_0,24," Rennes, Bretagne   ","Salut, je suis ici pour faire de rencontre amicalet voir plus si le feeling passe, pour parlé demoi en quelle que mot je suis d'un naturel coolj'aime pas me prendre la tête mais j'aime rire :)bisous n’hésite pas a venir parlé si tu veut ensavoir plus sur moi ! "
jaouad9,22," Calais, Nord Pas de Calais   ","Bonjour, je suis marocain, bonne apparence etsimple, je n'ai jamais eu une relation amoureuseavec une française/européenne, je ne fume pas, jene bois pas d'alcool, je fais différents sports,désireux d'une rencontre sérieuse ou non. La femmen'est pas faite pour vivre seul alors faite moisigne."
Miguel237,24," Montigny les cormeilles, Ile de France   ","Je suis un garçon très sérieux et cool n'aime lesport, la musique, et le voyage je suis unCameroun d'origine "
Antoiner7,21," Chauffailles, Bourgogne   ",Je mesdure 1m90 poure 95kilo cheuveux chatain yeuxbleu 
kingkev,24," St aubin d aubigne, Bretagne   ",Recherche une relation sérieuse
CLEMENT1751,21," La rochelle, Poitou Charentes   ",
Emilien-300,22," Nimes, Languedoc Roussillon   ",
Zeze31,24," Toulouse, Midi Pyrénées   ",Salut salut moi c'est Olivier si tu veux savoir ceque je veux demande moi 
rody031R,23," Bretigny sur orge, Ile de France   ","je suis un jeune homme d'origine camerounaise quiaime le sport, les animaux, la nature, qui aimepartager des moments amicaux et familiaux dans labonne humeur, la convivialité. je désire faire desrencontres pouvant aboutir si affinité."
majid75000,20," Issy les moulineaux, Ile de France   ",je cherche une femme pour une relation sérieuse
Dadoums,19," Charency vezin, Lorraine   ",Je cherche des gens pour discute
Oy-ran,22," Aix les bains, Rhône Alpes   ","Jeune artiste, voulant devenir infographiste."
Mevtr127,23," Chapet, Ile de France   ",
Palbistyl,24," Paris 08, Ile de France   ",A la recherche de rencontre sérieuses...
meetdu54,22," Abaucourt sur seille, Lorraine   ",Je cherche à faire des rencontres :)
WillM211,23," Dijon, Bourgogne   ",Recherche rencontres
Anthony11duval,21," Bethune, Nord Pas de Calais   ",Je cherche relation sur la durée avec femme plusâgée 
Alain34899,19," Le mas d agenais, Aquitaine   ",bonjour je m'appelle alain j'ai 18 et je chercheune femme entre 18 a 45 ans meme plus age je m'enfiche car l'age ne compte pas c'est l'amour quicompte le plus fidele serieuse 
Erwan75000,18," Boulogne billancourt, Ile de France   ",
Clemsow,19," Neuilly plaisance, Ile de France   ",
Pedro796,22," Versailles, Ile de France   ",
Ceprin14,20," St michel sur orge, Ile de France   ",.
